date,season,neutral,playoff,team1,team2,elo1_pre,elo2_pre,elo_prob1,elo_prob2,elo1_post,elo2_post,qbelo1_pre,qbelo2_pre,qb1,qb2,qb1_value_pre,qb2_value_pre,qb1_adj,qb2_adj,qbelo_prob1,qbelo_prob2,qb1_game_value,qb2_game_value,qb1_value_post,qb2_value_post,qbelo1_post,qbelo2_post,score1,score2
2020-09-10,2020,0,,KC,HOU,1664.8472507563,1527.93004656683,0.7617556234419874,0.23824437655801256,1676.66606788782,1516.11122943531,1651.21477930592,1497.45437853921,Patrick Mahomes,Deshaun Watson,239.69529634104347,195.6158108625996,6.942808555297199,3.6326586473743525,0.751960887878559,0.248039112121441,250.96437085883954,163.1138588984335,240.8222037928231,192.36561566618298,1663.56704842522,1485.10210941991,34,20
2020-09-13,2020,0,,JAX,IND,1438.50258514562,1482.65477791485,0.5299664494662789,0.4700335505337211,1457.86722628058,1463.29013677989,1392.05742049599,1518.20362949803,Gardner Minshew,Philip Rivers,121.75534324798448,155.62453768650096,-8.65106349847079,6.977386515424699,0.352055340257748,0.647944659742252,216.97903246582695,266.9854309842327,131.27771216976873,166.7606270162741,1420.36837891586,1489.89267107816,27,20
2020-09-13,2020,0,,DET,CHI,1404.5689484562,1524.56465915689,0.42150926832412633,0.5784907316758736,1391.33198675325,1537.80162085984,1437.08544324137,1527.16005372295,Matthew Stafford,Mitchell Trubisky,193.20080426883655,140.7313578475398,15.61111346576067,-1.5795917359919187,0.444199406160224,0.555800593839776,188.31838710936074,238.5126198345244,192.71256255288895,150.50948404623827,1423.03587047394,1541.20962649038,23,27
2020-09-13,2020,0,,WSH,PHI,1368.49082524672,1528.56090703668,0.36649862913919495,0.633501370860805,1400.24441328388,1496.80731899952,1383.28102301341,1548.79785375036,Dwayne Haskins,Carson Wentz,88.77397480873383,167.6750614866106,-11.02758961486644,-0.7296714575030214,0.305872352991452,0.694127647008548,80.10552880929026,-84.54966307750611,87.90713020878948,142.4525890301989,1418.87305330308,1513.20582346069,27,17
2020-09-13,2020,0,,MIN,GB,1571.1400267579,1582.45860610887,0.5766448393914209,0.42335516060857914,1543.9203734166,1609.67825945017,1544.58985815753,1555.43202703762,Kirk Cousins,Aaron Rodgers,158.2088413998236,176.7403101273592,-0.8127626628567732,0.4903804206618943,0.531452081883373,0.468547918116627,272.75864271301964,487.2327445290756,169.6638215311432,207.78955356753087,1519.86968659129,1580.15219860386,34,43
2020-09-13,2020,0,,BUF,NYJ,1511.35459076021,1458.06320616477,0.6639484515376263,0.33605154846237373,1526.64857955406,1442.76921737092,1532.80620288198,1451.14666152742,Josh Allen,Sam Darnold,153.17523918270254,134.1209538896657,0.600610327407412,5.190107554616823,0.654757765511483,0.345242234488517,380.75141913236666,93.64726546452255,175.93285717766898,130.0735850471514,1548.56679499737,1435.38606941203,27,17
2020-09-13,2020,0,,ATL,SEA,1534.51556573532,1546.89906922088,0.5751476029998406,0.4248523970001594,1503.41479134028,1577.99984361592,1500.66241997476,1543.56695750008,Matt Ryan,Russell Wilson,179.59372274816346,193.18914864459177,-1.7392631602948825,4.237290702421589,0.489693710929416,0.510306289070584,322.2690206123886,440.2112875470617,193.86125253458596,217.89136253483875,1474.89970032621,1569.32967714863,25,38
2020-09-13,2020,0,,BAL,CLE,1638.43087450757,1440.53333230626,0.8195586107690566,0.18044138923094344,1649.7022512196,1429.26195559423,1628.80840918371,1499.69388603388,Lamar Jackson,Baker Mayfield,262.05704846321186,130.9705649923186,17.748461456032533,-3.594276953151063,0.743296020688857,0.256703979311143,363.493928702619,64.24335677693175,272.20073648715254,124.29784417077988,1645.36944560356,1483.13284961403,38,6
2020-09-13,2020,0,,CAR,OAK,1417.73556567529,1437.32610815023,0.5649798831816134,0.4350201168183866,1399.16628249294,1455.89539133258,1416.3016100539,1461.43732080895,Teddy Bridgewater,Derek Carr,155.1746106218111,181.36357370366926,11.854378183368588,4.493929856258044,0.504181800641657,0.495818199358343,221.33933754517494,247.80079177530038,161.7910833141475,188.00729551083236,1400.05115947471,1477.68777138814,30,34
2020-09-13,2020,0,,NE,MIA,1581.53110476607,1413.91934130351,0.7923288905103788,0.2076711094896212,1590.53822932484,1404.91221674474,1556.62235882317,1424.15881328524,Cam Newton,Ryan Fitzpatrick,153.5884063793541,178.98836264707165,-5.040866978024464,10.509748477961706,0.709142352822815,0.290857647177185,270.2872630107335,42.3962623373444,165.25829204249203,165.32915261609895,1569.65418991284,1411.12698219557,21,11
2020-09-13,2020,0,,CIN,LAC,1382.62734642343,1470.39033518839,0.46728821755795763,0.5327117824420424,1369.80404629252,1483.2136353193,1393.80703349911,1477.79990387011,Joe Burrow,Tyrod Taylor,112.90158,111.81993493043998,-3.9648755049185587,-16.20813350840344,0.455303549246145,0.544696450753855,133.42290172226728,39.87707481592329,114.95371217222673,104.62564891898833,1381.35953526324,1490.24740210598,13,16
2020-09-13,2020,0,,NO,TB,1609.80561179041,1498.62921640758,0.7338320826505118,0.2661679173494882,1622.05289565324,1486.38193254475,1598.76015130866,1541.68601380851,Drew Brees,Tom Brady,258.6546211395508,150.13160897616882,15.467066567546889,-1.2049856374158814,0.561085782305509,0.438914217694491,144.37745494756024,147.48102452908307,247.22690452035175,149.86655053146023,1620.15843774477,1520.2877273724,34,23
2020-09-13,2020,0,,SF,ARI,1603.78530833319,1442.65026627615,0.7861273305522946,0.21387266944770544,1575.58185019549,1470.85372441385,1603.28422280475,1461.35390159797,Jimmy Garoppolo,Kyler Murray,136.32506191047742,158.0597852368613,-2.65813808998122,3.715129423612548,0.728096389832147,0.271903610167853,136.41763723895141,307.06734768334087,136.3343194433248,172.96054148150924,1577.87114967647,1486.76697472625,20,24
2020-09-13,2020,0,,LAR,DAL,1548.23404595027,1532.11536282697,0.6146631900170971,0.3853368099829029,1558.53792493455,1521.81148384269,1537.52757266095,1554.39296337184,Jared Goff,Dak Prescott,174.9685369218834,219.82892262225673,3.372250584809364,6.209803977554416,0.526182251183298,0.473817748816702,135.41811335093217,219.34126945260354,171.0134945647883,219.7801573052914,1550.55674442921,1541.36379160358,20,17
2020-09-14,2020,0,,NYG,PIT,1391.07131458934,1511.70313751195,0.42061664612853006,0.5793833538714699,1371.39693115711,1531.37752094418,1418.56044745522,1546.91964506127,Daniel Jones,Ben Roethlisberger,153.1829134485078,215.8954748540502,0.701632605748474,26.545778156834313,0.333921462900105,0.666078537099895,171.8394385721079,220.29289697076618,155.04856596086782,216.33521706572176,1403.37428154746,1562.10581096903,16,26
2020-09-14,2020,0,,DEN,TEN,1495.65672785063,1599.10785281015,0.44488920079269656,0.5551107992073034,1486.04942731321,1608.71515334757,1490.53536224524,1543.23135548534,Drew Lock,Ryan Tannehill,113.11138615056622,175.15517021801335,-5.928426798700214,6.025217663968469,0.460427778924666,0.539572221075334,195.8168053919771,276.5883012314849,121.38192807470729,185.29848331936049,1480.54387433774,1553.22284339284,14,16
2020-09-17,2020,0,,CLE,CIN,1429.26195559423,1369.80404629252,0.6718220080003543,0.3281779919996457,1440.39259598389,1358.67340590286,1483.13284961403,1381.35953526324,Baker Mayfield,Joe Burrow,124.29784417077984,114.95371217222673,-6.750923516263061,-2.7405656435592554,0.680891966162541,0.319108033837459,193.609512090752,248.59552328311173,131.22901096277707,128.31789328331521,1493.92245622074,1370.56992865653,35,30
2020-09-20,2020,0,,MIA,BUF,1404.91221674474,1526.64857955406,0.41906794020938876,0.5809320597906112,1393.58529907348,1537.97549722532,1411.12698219557,1548.56679499737,Ryan Fitzpatrick,Josh Allen,165.329152616099,175.93285717766912,3.1546560385774534,11.94938880852024,0.348649476080822,0.651350523919178,294.8511932069213,432.62919087582145,178.2813566751812,201.60249054748434,1401.91497971978,1557.77879747316,28,31
2020-09-20,2020,0,,CHI,NYG,1537.80162085984,1371.39693115711,0.7911832393906062,0.2088167606093938,1543.88346110585,1365.3150909111,1541.20962649038,1403.37428154746,Mitchell Trubisky,Daniel Jones,150.50948404623813,155.0485659608678,3.3884509501566837,1.5993772316408617,0.733013630475525,0.266986369524475,10.91454313785297,63.36875876951762,136.5499899553996,145.88058524173277,1549.16884173055,1395.41506630729,17,13
2020-09-20,2020,0,,PIT,DEN,1531.37752094418,1486.04942731321,0.6536448708055616,0.34635512919443845,1543.19651050807,1474.23043774932,1562.10581096903,1480.54387433774,Ben Roethlisberger,Drew Lock,216.3352170657219,121.38192807470729,25.438360354828397,-1.496734496694688,0.699497470212968,0.300502529787032,247.87517718553553,-1.45624234087266,219.48921307770328,109.09811103314931,1572.20087379423,1470.44881151254,26,21
2020-09-20,2020,0,,GB,DET,1609.67825945017,1391.33198675325,0.8363164745895523,0.16368352541044773,1618.64274426123,1382.36750194219,1580.15219860386,1423.03587047394,Aaron Rodgers,Matthew Stafford,207.78955356753065,192.71256255288904,15.990483119714394,14.586436934498874,0.75198463239357,0.24801536760643,190.9132798584231,109.92700159299373,206.1019261966199,184.4340064568995,1594.24993589201,1408.93813318579,42,21
2020-09-20,2020,0,,PHI,LAR,1496.80731899952,1558.53792493455,0.5047048974019721,0.4952951025980279,1467.04162910093,1588.30361483314,1513.20582346069,1550.55674442921,Carson Wentz,Jared Goff,142.4525890301989,171.01349456478835,-13.304424112833818,1.2261168770215114,0.486638509180599,0.513361490819401,143.00049699559833,310.69654338445076,142.50737982673888,184.9817994467546,1484.66873741733,1579.09383047257,19,37
2020-09-20,2020,0,,NYJ,SF,1442.76921737092,1575.58185019549,0.403630425924648,0.5963695740753521,1419.71066912447,1598.64039844194,1435.38606941203,1577.87114967647,Sam Darnold,Jimmy Garoppolo,130.07358504715145,136.33431944332494,2.9069177556289096,-2.5206024190584575,0.368192016151687,0.631807983848313,157.04027131479884,147.84013919137485,132.7702536739162,137.48490141812994,1414.5903839536,1598.6668351349,13,31
2020-09-20,2020,0,,TB,CAR,1486.38193254475,1399.16628249294,0.7060390717164754,0.2939609282835246,1501.27286392735,1384.27535111034,1520.2877273724,1400.05115947471,Tom Brady,Teddy Bridgewater,149.86655053146018,161.79108331414741,-1.277265577899314,14.569895620368325,0.690538573326032,0.309461426673968,154.52704320216043,111.71487321580706,150.33259979853023,156.78346230431336,1536.04951164868,1384.28937519843,31,17
2020-09-20,2020,0,,TEN,JAX,1608.71515334757,1457.86722628058,0.7760024473832371,0.2239975526167629,1614.37079408025,1452.2115855479,1553.22284339284,1420.36837891586,Ryan Tannehill,Gardner Minshew,185.2984833193606,131.27771216976865,10.795613331443812,-3.4573258626551633,0.740453167383303,0.259546832616697,331.4824504506471,238.46225613800337,199.91688003248927,141.99616656659214,1559.86886201517,1413.72236029353,33,30
2020-09-20,2020,0,,IND,MIN,1463.29013677989,1543.9203734166,0.47752144383442324,0.5224785561655767,1493.70940034952,1513.50110984697,1489.89267107816,1519.86968659129,Philip Rivers,Kirk Cousins,166.76062701627416,169.66382153114327,12.19656185454004,4.955365535945889,0.517705499307651,0.482294500692349,130.85739831824517,-215.31362814183947,163.17030414647127,131.166076563845,1517.6177674811,1492.14459018835,28,11
2020-09-20,2020,0,,DAL,ATL,1521.81148384269,1503.41479134028,0.6177643928744232,0.3822356071255768,1526.91686194339,1498.30941323958,1541.36379160358,1474.89970032621,Dak Prescott,Matt Ryan,219.78015730529128,193.861252534586,5.874931120193811,5.481464890931023,0.643777192790744,0.356222807209256,529.3770141853347,345.42349869901165,250.7398429932956,209.01747715102854,1546.08162491584,1470.18186701395,40,39
2020-09-20,2020,0,,ARI,WSH,1470.85372441385,1400.24441328388,0.6858158657757227,0.31418413422427727,1487.26423830273,1383.833899395,1486.76697472625,1418.87305330308,Kyler Murray,Dwayne Haskins,172.96054148150907,87.90713020878954,10.97975107475565,-10.909632434095233,0.679785389079585,0.320214610920415,341.05411109199537,48.053046392628744,189.7698984425577,83.92172182717346,1503.52718373146,1402.11284429787,30,15
2020-09-20,2020,0,,LAC,KC,1483.2136353193,1676.66606788782,0.3231284407315246,0.6768715592684754,1474.74885000624,1685.13085320088,1490.24740210598,1663.56704842522,Justin Herbert,Patrick Mahomes,110.63447999999998,240.82220379282313,-12.98603875769739,7.159121853422178,0.283574290586952,0.716425709413048,260.5244569691369,320.75804765177907,125.62347769691368,248.81578817871872,1482.90251057042,1670.91193996078,20,23
2020-09-20,2020,0,,HOU,BAL,1516.11122943531,1649.7022512196,0.4025523148159708,0.5974476851840291,1493.54429844225,1672.26918221266,1485.10210941991,1645.36944560356,Deshaun Watson,Lamar Jackson,192.36561566618286,272.20073648715254,1.8259281167972006,21.932882395201514,0.305884939037791,0.694115060962209,160.32747995371005,121.56244333152247,189.16180209493555,257.13690717158954,1468.4942826148,1661.97727240867,16,33
2020-09-20,2020,0,,SEA,NE,1577.99984361592,1590.53822932484,0.5749297298417716,0.4250702701582284,1592.87754087819,1575.66053206257,1569.32967714863,1569.65418991284,Russell Wilson,Cam Newton,217.89136253483906,165.2582920424921,16.376533112424223,1.0461192024459016,0.582639311479773,0.417360688520227,433.60274023610276,418.98186059739237,239.46250030496543,190.63064889798216,1583.90199331897,1555.0818737425,35,30
2020-09-21,2020,0,,OAK,NO,1455.89539133258,1622.05289565324,0.358401373194474,0.641598626805526,1488.1481201421,1589.80016684372,1477.68777138814,1620.15843774477,Derek Carr,Drew Brees,188.00729551083248,247.22690452035178,7.591094267026715,8.979854929570134,0.35357738665858,0.64642261334142,288.9032643182539,208.58866168354135,198.0968923915746,243.36308023667078,1510.23969077505,1587.60651835786,34,24
2020-09-24,2020,0,,JAX,MIA,1452.2115855479,1393.58529907348,0.6707656714091186,0.3292343285908814,1410.35916883678,1435.4377157846,1413.72236029353,1401.91497971978,Gardner Minshew,Ryan Fitzpatrick,141.99616656659214,178.2813566751812,2.0747676288893406,9.473025266189774,0.555413895448386,0.444586104551614,80.63402234765559,318.1746189437389,135.85995214469844,192.27068290203698,1380.42960357907,1435.20773643424,13,31
2020-09-27,2020,0,,NYG,SF,1365.3150909111,1598.64039844194,0.27508817188831214,0.7249118281116879,1348.28508158659,1615.67040776645,1395.41506630729,1598.6668351349,Daniel Jones,Nick Mullens,145.88058524173263,75.33065861079,-3.064581989508939,-63.97352411804309,0.361143290767287,0.638856709232713,70.28454876468399,223.51510699658544,138.32098159402776,90.14910344936953,1372.38432138119,1621.697580061,9,36
2020-09-27,2020,0,,CLE,WSH,1440.39259598389,1383.833899395,0.6681319218202252,0.3318680781797748,1457.42575493683,1366.80074044206,1493.92245622074,1402.11284429787,Baker Mayfield,Dwayne Haskins,131.2290109627771,83.92172182717356,-2.9477939444514063,-12.356855003198309,0.685640082523032,0.314359917476968,132.8976965530193,-30.17796186541884,131.3958795218013,72.51175345791431,1509.96091766317,1386.07438285544,34,20
2020-09-27,2020,0,,NE,OAK,1575.66053206257,1488.1481201421,0.7063935006760398,0.2936064993239602,1591.21895942437,1472.5896927803,1555.0818737425,1510.23969077505,Cam Newton,Derek Carr,190.63064889798235,198.09689239157464,13.679991670068894,12.25633799404639,0.6249953488486,0.3750046511514,37.74551961498945,297.70889423992196,175.34213596968306,208.05809257640936,1575.50738324853,1489.81418126902,36,20
2020-09-27,2020,0,,MIN,TEN,1513.50110984697,1614.37079408025,0.4485620001658003,0.5514379998341997,1507.38248072104,1620.48942320618,1492.14459018835,1559.86886201517,Kirk Cousins,Ryan Tannehill,131.16607656384505,199.91688003248905,-14.541275224500406,17.565031021435928,0.408868026350271,0.591131973649729,133.44543434672835,165.53081941795804,131.39401234213338,196.47827397103597,1486.63680375313,1565.37664845039,30,31
2020-09-27,2020,0,,BUF,LAR,1537.97549722532,1588.30361483314,0.5211019938524423,0.47889800614755773,1551.16540534358,1575.11370671488,1557.77879747316,1579.09383047257,Josh Allen,Jared Goff,201.6024905474844,184.98179944675462,24.186736053001827,8.148963474153476,0.552413542331408,0.447586457668592,322.2667631614434,301.8549245622002,213.6689178088803,196.66911195829917,1569.98570059714,1566.88692734859,35,32
2020-09-27,2020,0,,PHI,CIN,1467.04162910093,1358.67340590286,0.7306627556439421,0.2693372443560579,1460.0067665966,1365.70826840719,1484.66873741733,1370.56992865653,Carson Wentz,Joe Burrow,142.50737982673894,128.31789328331521,-12.611807508922059,4.078553194162915,0.681841349388015,0.318158650611985,164.75532750183936,115.60800723085318,144.732174594249,127.04690467806903,1479.12285339728,1376.11581267658,23,23
2020-09-27,2020,0,,PIT,HOU,1543.19651050807,1493.54429844225,0.6592584084954063,0.3407415915045937,1556.66561724169,1480.07519170863,1572.20087379423,1468.4942826148,Ben Roethlisberger,Deshaun Watson,219.48921307770334,189.16180209493544,25.74344034307782,0.1327249253335637,0.723261044666177,0.276738955333823,136.24061218057125,156.32286079179593,211.1643529879901,185.87790796462153,1582.89860375641,1457.79655265262,28,21
2020-09-27,2020,0,,ATL,CHI,1498.30941323958,1543.88346110585,0.5279270965908579,0.4720729034091421,1481.16470818185,1561.02816616358,1470.18186701395,1549.16884173055,Matt Ryan,Mitchell Trubisky,209.01747715102846,136.54998995539967,12.78550395460569,-3.7607186427703176,0.461091403936782,0.538908596063218,61.1566118466666,141.19445449169345,194.2313906205923,137.01443640902906,1455.52045085358,1563.83025789092,26,30
2020-09-27,2020,0,,IND,NYJ,1493.70940034952,1419.71066912447,0.690004645043416,0.30999535495658403,1513.54337311887,1399.87669635512,1517.6177674811,1414.5903839536,Philip Rivers,Sam Darnold,163.17030414647124,132.7702536739161,9.791572326911412,4.109906181229872,0.696463013078604,0.303536986921396,220.93442324743117,-23.741655719122438,168.94671605656723,117.11906273461224,1536.99481721007,1395.21333422463,36,7
2020-09-27,2020,0,,LAC,CAR,1474.74885000624,1384.27535111034,0.7099162646920861,0.29008373530791387,1447.37431398868,1411.6498871279,1482.90251057042,1384.28937519843,Justin Herbert,Teddy Bridgewater,125.62347769691378,156.78346230431345,-4.8422379713555195,11.337590334433095,0.671149253871595,0.328850746128405,232.8969820576773,212.94643628481495,136.35082813299013,162.3997597023636,1457.41607454358,1409.77581122527,16,21
2020-09-27,2020,0,,SEA,DAL,1592.87754087819,1526.91686194339,0.6800214256766446,0.3199785743233554,1605.43741664957,1514.35698617201,1583.90199331897,1546.08162491584,Russell Wilson,Dak Prescott,239.46250030496537,250.73984299329567,26.34327534186609,21.061027408186238,0.616932433350749,0.383067566649251,334.05861477968426,319.78905858314937,248.9221117524373,257.64476455228106,1599.25557791927,1530.72804031554,38,31
2020-09-27,2020,0,,ARI,DET,1487.26423830273,1382.36750194219,0.7267120327526846,0.2732879672473154,1465.42928059732,1404.2024596476,1503.52718373146,1408.93813318579,Kyler Murray,Matthew Stafford,189.76989844255772,184.43400645689943,18.83544200154244,9.717837039779223,0.695509074706138,0.304490925293862,169.4539068811271,151.2166850886222,187.73829928641467,181.11227432007172,1482.89807810535,1429.5672388119,23,26
2020-09-27,2020,0,,DEN,TB,1474.23043774932,1501.27286392735,0.5544090416346135,0.44559095836538654,1441.00877789457,1534.4945237821,1470.44881151254,1536.04951164868,Jeff Driskel,Tom Brady,71.4304106415118,150.33259979853025,-45.23150668427653,-0.9803776654692911,0.312751030293993,0.687248969706007,-19.634579429358265,261.1877093418836,62.323911634424775,161.4181107528656,1453.10922515427,1553.38909800695,10,28
2020-09-27,2020,0,,NO,GB,1589.80016684372,1618.64274426123,0.551847671111069,0.448152328888931,1566.46596531982,1641.97694578513,1587.60651835786,1594.24993589201,Drew Brees,Aaron Rodgers,243.36308023667078,206.10192619661996,6.598950041251281,14.347145278273482,0.532561863420979,0.467438136579021,361.7969425289703,315.3443921179662,255.20646646590077,217.0261727887546,1565.2274048374,1616.62904941247,30,37
2020-09-28,2020,0,,BAL,KC,1672.26918221266,1685.13085320088,0.574474870034691,0.425525129965309,1640.39976549606,1717.00026991748,1661.97727240867,1670.91193996078,Lamar Jackson,Patrick Mahomes,257.1369071715896,248.8157881787186,13.304323617659897,10.797957953698734,0.54363451232188,0.45636548767812,116.78452513630518,600.4173969716504,243.10166896806118,283.9759490580118,1632.12095268915,1700.7682596803,20,34
2020-10-01,2020,0,,NYJ,DEN,1399.87669635512,1441.00877789457,0.5342947632926471,0.46570523670735287,1375.00164241102,1465.88383183867,1395.21333422463,1453.10922515427,Sam Darnold,Brett Rypien,117.11906273461217,0.0,-3.9211845974835646,-109.84709248803112,0.623372699067825,0.376627300932175,156.02461489041437,55.743993100684676,121.00961795019238,5.5743993100684675,1365.31641099366,1483.00614838524,28,37
2020-10-04,2020,0,,DET,NO,1404.2024596476,1566.46596531982,0.36357204528513754,0.6364279547148625,1390.65196560641,1580.01645936101,1429.5672388119,1565.2274048374,Matthew Stafford,Drew Brees,181.11227432007172,255.2064664659005,7.571079119376302,12.190695653803594,0.355290576778835,0.644709423221165,129.9234635276929,134.87750255269586,175.99339324083385,243.17357007458006,1416.36131933424,1578.43332431506,29,35
2020-10-04,2020,0,,WSH,BAL,1366.80074044206,1640.39976549606,0.23133426271333432,0.7686657372866657,1355.35655618124,1651.84394975688,1386.07438285544,1632.12095268915,Dwayne Haskins,Lamar Jackson,72.51175345791431,243.1016689680612,-17.443996437668137,5.621488335012695,0.204482717439294,0.795517282560706,251.58281813869215,262.17910274099347,90.4188599259921,245.00941234535446,1376.07232851184,1642.12300703275,17,31
2020-10-04,2020,0,,CAR,ARI,1411.6498871279,1465.42928059732,0.516142139141849,0.48385786085815097,1434.73694630625,1442.34222141897,1409.77581122527,1482.89807810535,Teddy Bridgewater,Kyler Murray,162.3997597023635,187.7382992864148,13.578859516736259,16.87787032339386,0.448002028728853,0.551997971271146,323.47214184981596,367.7384239704186,178.50699791710872,205.7383117548152,1436.69214456426,1455.98174476636,31,21
2020-10-04,2020,0,,TB,LAC,1534.4945237821,1447.37431398868,0.7059250323483842,0.2940749676516158,1545.93378393067,1435.93505384011,1553.38909800695,1457.41607454358,Tom Brady,Justin Herbert,161.41811075286566,136.35082813299024,4.611396694971991,0.7635491452505405,0.6929991365389,0.3070008634611,387.72540548619895,283.92344055773475,184.04884022619902,151.1080893754647,1565.38565075863,1445.4195217919,38,31
2020-10-04,2020,0,,DAL,CLE,1514.35698617201,1457.42575493683,0.6686072497601839,0.33139275023981607,1479.17876130096,1492.60397980788,1530.72804031554,1509.96091766317,Dak Prescott,Baker Mayfield,257.64476455228106,131.39587952180116,23.46043681726968,-2.7169699677169623,0.618727883163912,0.381272116836088,441.87722724347725,132.52197505632589,276.06801082140066,131.50848907525366,1498.75613586115,1541.93282211756,38,49
2020-10-04,2020,0,,HOU,MIN,1480.07519170863,1507.38248072104,0.5540323557567841,0.4459676442432159,1455.30411746986,1532.15355495981,1457.79655265262,1486.63680375313,Deshaun Watson,Kirk Cousins,185.8779079646214,131.39401234213352,-1.5158583860900512,-13.700243574131058,0.529611619272963,0.470388380727037,208.37056946268518,124.44487258716778,188.1271741144278,130.69909836663697,1434.30305079202,1510.13030561373,23,31
2020-10-04,2020,0,,MIA,SEA,1435.4377157846,1605.43741664957,0.3533315511220334,0.6466684488779666,1420.61804106515,1620.25709136902,1435.20773643424,1599.25557791927,Ryan Fitzpatrick,Russell Wilson,192.27068290203707,248.9221117524375,15.994037116308226,29.755917298508933,0.316285043167604,0.683714956832396,206.0858966696168,215.49861224589785,193.652204278795,245.57976180178355,1422.10626482207,1612.35704953144,23,31
2020-10-04,2020,0,,CIN,JAX,1365.70826840719,1410.35916883678,0.5292512683540253,0.47074873164597475,1386.20549114455,1389.86194609942,1376.11581267658,1380.42960357907,Joe Burrow,Gardner Minshew,127.0469046780691,135.85995214469833,3.2391312318317844,-1.097077963502071,0.55096240209727,0.44903759790273,198.61217901217702,219.84385214237224,134.20343211147988,144.2583421444657,1395.5348734313,1361.01054282435,33,25
2020-10-04,2020,0,,LAR,NYG,1575.11370671488,1348.28508158659,0.8428913691062858,0.15710863089371419,1581.20920197957,1342.1895863219,1566.88692734859,1372.38432138119,Jared Goff,Daniel Jones,196.6691119582992,138.32098159402776,13.585171556218029,-6.691154713885952,0.814993330700825,0.185006669299175,152.57564266238117,38.159716018996434,192.2597650287074,128.30485503652463,1574.16482035858,1365.1064283712,17,9
2020-10-04,2020,0,,CHI,IND,1561.02816616358,1513.54337311887,0.6564501468676186,0.3435498531323814,1530.62637113269,1543.94516814976,1563.83025789092,1536.99481721007,Nick Foles,Philip Rivers,147.2596536734753,168.9467160565671,6.904757780629188,12.190199665613626,0.578786430181956,0.421213569818044,143.07171808245855,122.74507226995826,146.8408601143736,164.32655167790622,1537.74110613613,1563.08396896486,11,19
2020-10-04,2020,0,,OAK,BUF,1472.5896927803,1551.16540534358,0.4804729159878239,0.5195270840121762,1452.72993611537,1571.02516200851,1489.81418126902,1569.98570059714,Derek Carr,Josh Allen,208.05809257640945,213.66891780888028,16.624121186761435,29.010612881049703,0.426242254470132,0.573757745529868,342.1684693497147,297.84453464986507,221.46913025373993,222.08647949297875,1472.49373439531,1587.30614747085,23,30
2020-10-04,2020,0,,SF,PHI,1615.67040776645,1460.0067665966,0.7807841760955005,0.21921582390449945,1584.57159672968,1491.10557763337,1621.697580061,1479.12285339728,Nick Mullens,Carson Wentz,90.14910344936958,144.732174594249,-53.36562549285099,-10.868819749721023,0.695101834983238,0.304898165016762,23.003897884935693,157.48661234207484,83.43458289292619,146.00761836903158,1595.05478576002,1505.76564769826,20,25
2020-10-05,2020,0,,KC,NE,1717.00026991748,1591.21895942437,0.7499274708451392,0.2500725291548608,1730.03968436867,1578.17954497318,1700.7682596803,1575.50738324853,Patrick Mahomes,Brian Hoyer,283.97594905801174,112.50878859034584,27.838140495660358,-57.4816117569213,0.806991446357338,0.193008553642662,275.1997405435509,45.57158989511502,283.09832820656567,105.81506872082278,1710.59490761336,1565.68073531547,26,10
2020-10-05,2020,0,,GB,ATL,1641.97694578513,1481.16470818185,0.7858147411535535,0.21418525884644646,1652.4975766358,1470.64407733118,1616.62904941247,1455.52045085358,Aaron Rodgers,Matt Ryan,217.02617278875454,194.23139062059215,19.09191131042711,4.753185491657119,0.771643301544275,0.228356698455725,389.8510227827325,163.49338641814563,234.30865778815235,191.1575902003475,1627.91224380609,1444.23725645996,30,16
2020-10-08,2020,0,,CHI,TB,1530.62637113269,1545.93378393067,0.5710296974910715,0.42897030250892854,1536.44180588429,1540.11834917907,1537.74110613613,1565.38565075863,Nick Foles,Tom Brady,146.84086011437367,184.04884022619896,6.350123112046875,15.696191596890099,0.406173416045928,0.593826583954072,129.11355954547315,143.96410967208533,145.06813005748364,180.04036717078756,1546.22781173072,1556.89894516404,20,19
2020-10-11,2020,0,,ATL,CAR,1470.64407733118,1434.73694630625,0.6412671406771083,0.3587328593228917,1442.69247392226,1462.68854971517,1444.23725645996,1436.69214456426,Matt Ryan,Teddy Bridgewater,191.15759020034753,178.5069979171086,2.9786260069519703,20.95353564827193,0.533732629988531,0.466267370011469,15.35779378752267,280.564762659222,173.57761055906502,188.71277439131995,1421.8005252614,1459.12887576282,16,23
2020-10-11,2020,0,,NYJ,ARI,1375.00164241102,1442.34222141897,0.49663168699720156,0.5033683130027984,1344.79365438891,1472.55020944108,1365.31641099366,1455.98174476636,Joe Flacco,Kyler Murray,108.30331697956716,205.7383117548152,-14.486148730444377,25.03398304142438,0.375187404026254,0.624812595973746,54.15482577295032,344.6430844612767,102.88846785890547,219.6287890254613,1343.35551294848,1477.94264281154,10,30
2020-10-11,2020,0,,PIT,PHI,1556.66561724169,1491.10557763337,0.6795193919154442,0.3204806080845558,1570.59750046376,1477.1736944113,1582.89860375641,1505.76564769826,Ben Roethlisberger,Carson Wentz,211.16435298799004,146.00761836903163,20.29383828106734,-9.687656874843741,0.722408152096265,0.277591847903735,316.5099940063139,61.02300876783111,221.6989170898224,137.5091574089116,1594.78452181649,1493.87972963818,38,29
2020-10-11,2020,0,,BAL,CIN,1651.84394975688,1386.20549114455,0.8702654640775547,0.12973453592244533,1659.1047150535,1378.94472584793,1642.12300703275,1395.5348734313,Lamar Jackson,Joe Burrow,245.00941234535438,134.2034321114797,6.294285606908659,6.65543838694548,0.834395513093151,0.165604486906849,68.89795055087868,-80.14003175261753,227.3982661659068,112.76908572506998,1651.57702119705,1386.080859267,27,3
2020-10-11,2020,0,,HOU,JAX,1455.30411746986,1389.86194609942,0.6793716141875512,0.3206283858124488,1472.45536019211,1372.71070337717,1434.30305079202,1361.01054282435,Deshaun Watson,Gardner Minshew,188.12717411442767,144.2583421444658,-0.31543239188240046,3.1569709345567913,0.64814452870837,0.35185547129163,300.1878610771933,176.92891997343452,199.33324281070423,147.52539992736266,1453.32319444347,1341.9903991729,30,14
2020-10-11,2020,0,,WSH,LAR,1355.35655618124,1581.20920197957,0.2837486664232802,0.7162513335767198,1339.25615107631,1597.3096070845,1376.07232851184,1574.16482035858,Kyle Allen,Jared Goff,85.50560160156563,192.2597650287075,-12.531501706172463,10.701239513611352,0.262925444789623,0.737074555210377,58.328021233671755,263.2264386195688,82.78784356477625,199.35643238779366,1361.26771839298,1588.96943047744,10,30
2020-10-11,2020,0,,KC,OAK,1730.03968436867,1452.72993611537,0.8776640895288824,0.12233591047111758,1684.36430620528,1498.40531427875,1710.59490761336,1472.49373439531,Patrick Mahomes,Derek Carr,283.0983282065657,221.46913025374002,26.007423045154333,22.49843396608861,0.83303270115894,0.16696729884106,168.7385989329968,314.1893014159842,271.66235527920884,230.74114736996444,1668.66636201909,1514.42227998958,32,40
2020-10-11,2020,0,,SF,MIA,1584.57159672968,1420.61804106515,0.788842538315648,0.211157461684352,1526.53367561631,1478.65596217852,1595.05478576002,1422.10626482207,Jimmy Garoppolo,Ryan Fitzpatrick,137.48490141813008,193.652204278795,-0.004285971226343576,15.885095948871935,0.760155459018387,0.239844540981613,-174.810027350772,377.9385727405959,106.25540854123987,212.08084112497508,1539.92639791363,1477.23465266846,17,43
2020-10-11,2020,0,,DAL,NYG,1479.17876130096,1342.1895863219,0.761830803592633,0.238169196407367,1485.22691304373,1336.14143457913,1498.75613586115,1365.1064283712,Dak Prescott,Daniel Jones,276.0680108214006,128.30485503652477,31.49903811096606,-11.364660256943072,0.775211867451239,0.224788132548761,41.95315154488722,43.03216731913473,252.65652489374926,119.77758626478575,1504.43359217444,1359.42897205791,37,34
2020-10-11,2020,0,,CLE,IND,1492.60397980788,1543.94516814976,0.519646489704361,0.480353510295639,1514.58858392093,1521.96056403671,1541.93282211756,1563.08396896486,Baker Mayfield,Philip Rivers,131.5084890752536,164.3265516779063,-2.5248166926048183,9.270607493002673,0.50159419734207,0.49840580265793,144.13442319396054,12.19965689692827,132.77108248712432,149.11386219980852,1564.8737061284,1540.14308495402,32,23
2020-10-11,2020,0,,SEA,MIN,1620.25709136902,1532.15355495981,0.7070987483885375,0.2929012516114625,1624.05337216934,1528.35727415949,1612.35704953144,1510.13030561373,Russell Wilson,Kirk Cousins,245.57976180178355,130.69909836663703,26.596946458256497,-13.362688383172591,0.738953098824984,0.261046901175016,219.69833200517596,124.13789285176091,242.99161882212277,130.0429778151494,1615.7011643798,1506.78619076537,27,26
2020-10-12,2020,0,,NO,LAC,1580.01645936101,1435.93505384011,0.7691591368249502,0.23084086317504982,1585.86125522092,1430.0902579802,1578.43332431506,1445.4195217919,Drew Brees,Justin Herbert,243.17357007457994,151.10808937546477,5.564712675453034,8.104002309225253,0.727033801310701,0.272966198689299,242.24542622751437,238.89358136693312,243.08075568987346,159.8866385746116,1585.45815706412,1438.39468904284,30,27
2020-10-13,2020,0,,TEN,BUF,1620.48942320618,1571.02516200851,0.6590153248981255,0.34098467510187447,1641.85441673774,1549.66016847695,1565.37664845039,1587.30614747085,Ryan Tannehill,Josh Allen,196.47827397103586,222.0864794929786,14.967476439637608,31.76886307904625,0.531284054000377,0.468715945999623,424.3563368978538,152.80945364501684,219.2660802637177,215.1587769081824,1595.97018163167,1556.71261428957,42,16
2020-10-18,2020,0,,NYG,WSH,1336.14143457913,1339.25615107631,0.5881300198275853,0.4118699801724147,1341.69494641027,1333.70263924517,1359.42897205791,1361.26771839298,Daniel Jones,Kyle Allen,119.77758626478578,82.78784356477634,-15.060061629965542,-13.26380563925835,0.543291445213117,0.456708554786883,140.14140770421525,201.85178498326775,121.81396840872873,94.69423770662549,1365.67468113761,1355.02200931328,20,19
2020-10-18,2020,0,,PHI,BAL,1477.1736944113,1659.1047150535,0.3378010196166404,0.6621989803833597,1470.12603381604,1666.15237564876,1493.87972963818,1651.57702119705,Carson Wentz,Lamar Jackson,137.5091574089115,227.39826616590665,-13.452504511161541,-2.826001763160839,0.314979064842902,0.685020935157098,173.31326085063836,307.5807853216233,141.0895677530842,235.41651808147833,1487.35897701262,1658.09777382261,28,30
2020-10-18,2020,0,,IND,CIN,1521.96056403671,1378.94472584793,0.768068244881297,0.231931755118703,1528.7812456826,1372.12404420204,1540.14308495402,1386.080859267,Philip Rivers,Joe Burrow,149.11386219980844,112.76908572507006,1.2007323793037095,-4.3945067256067,0.752373696056503,0.247626303943497,303.67934403895964,187.38399304988747,164.57041038372353,120.23057645755179,1547.47084176827,1378.75310245275,31,27
2020-10-18,2020,0,,TEN,HOU,1641.85441673774,1472.45536019211,0.7940167061014342,0.20598329389856584,1649.09903801971,1465.21073891014,1595.97018163167,1453.32319444347,Ryan Tannehill,Deshaun Watson,219.26608026371764,199.3332428107043,25.613005763996664,5.303373575849907,0.75832084786189,0.24167915213811,323.1487649903878,411.11527197839007,229.65434873638463,220.51144572747287,1604.59695872775,1444.69641734739,42,36
2020-10-18,2020,0,,MIN,ATL,1528.35727415949,1442.69247392226,0.7041828046041915,0.29581719539580853,1484.65753972531,1486.39220835644,1506.78619076537,1421.8005252614,Kirk Cousins,Matt Ryan,130.0429778151494,173.57761055906502,-13.022614239757651,-5.960295114036786,0.659131588154527,0.340868411845473,141.10281554188578,423.5097064205435,131.14896158782304,198.57082014521285,1466.59049147052,1461.99622455625,23,40
2020-10-18,2020,0,,JAX,DET,1372.71070337717,1390.65196560641,0.5673118446875602,0.43268815531243976,1338.57216644705,1424.79050253653,1341.9903991729,1416.36131933424,Gardner Minshew,Matthew Stafford,147.5253999273628,175.99339324083394,4.632651279277554,4.633084623788621,0.410271897073051,0.589728102926949,144.59991844068605,124.76475903895872,147.23285177869514,170.8705298206464,1318.50292556134,1439.8487929458,16,34
2020-10-18,2020,0,,PIT,CLE,1570.59750046376,1514.58858392093,0.6674298150502322,0.33257018494976776,1592.44766164432,1492.73842274037,1594.78452181649,1564.8737061284,Ben Roethlisberger,Baker Mayfield,221.69891708982234,132.77108248712418,24.546428417930098,-1.7672791520392954,0.62627117761337,0.37372882238663,85.80596506770684,-10.04185065493533,208.1096218876108,118.48978917291821,1619.67478570813,1539.98344223676,38,7
2020-10-18,2020,0,,NE,DEN,1578.17954497318,1465.88383183867,0.7350887089692932,0.26491129103070676,1547.06361275549,1496.99976405636,1565.68073531547,1483.00614838524,Cam Newton,Drew Lock,175.3421359696832,109.09811103314935,11.572676145023735,1.9561735144854984,0.68173718817336,0.31826281182664,87.46967516151875,-75.85395546800147,166.55488988886677,90.60290438303427,1537.45067996036,1511.23620374035,12,18
2020-10-18,2020,0,,CAR,CHI,1462.68854971517,1536.44180588429,0.48740571632260604,0.512594283677394,1442.49824805106,1556.6321075484,1459.12887576282,1546.22781173072,Teddy Bridgewater,Nick Foles,188.71277439131998,145.0681300574837,25.008747102964023,5.146251927999601,0.4542351573056,0.5457648426944,17.60219520410604,151.8361951137715,171.60171647259855,145.7449365631125,1440.50768857804,1564.8489989155,16,23
2020-10-18,2020,0,,MIA,NYJ,1478.65596217852,1344.79365438891,0.7585494798138557,0.24145052018614432,1492.91137256678,1330.53824400065,1477.23465266846,1343.35551294848,Ryan Fitzpatrick,Joe Flacco,212.08084112497522,102.8884678589054,24.305159574518445,-16.469265854252978,0.772128634716672,0.227871365283328,98.0272212538367,-94.8232349676084,200.67547913786137,83.11729757625403,1490.61506070458,1329.97510491236,24,0
2020-10-18,2020,0,,TB,GB,1540.11834917907,1652.4975766358,0.43223534890774584,0.5677646510922542,1579.19656905067,1613.4193567642,1556.89894516404,1627.91224380609,Tom Brady,Aaron Rodgers,180.04036717078765,234.3086577881524,12.907145489339984,26.778558244604735,0.397634879117333,0.602365120882667,205.1150081128632,-154.90582741617555,182.5478312649952,195.3872092677196,1598.84129749437,1585.96989147576,38,10
2020-10-18,2020,0,,SF,LAR,1526.53367561631,1597.3096070845,0.4916885321135672,0.5083114678864328,1548.92996436037,1574.91331834044,1539.92639791363,1588.96943047744,Jimmy Garoppolo,Jared Goff,106.25540854123997,199.35643238779355,-15.618818111110164,13.714511217473877,0.437021128301025,0.562978871698975,346.7679111876144,121.73793511919126,130.3066588058774,191.59458266093336,1565.17106405568,1563.72476433539,24,16
2020-10-19,2020,0,,BUF,KC,1549.66016847695,1684.36430620528,0.40101222611281856,0.5989877738871814,1531.76001603915,1702.26445864308,1556.71261428957,1668.66636201909,Josh Allen,Patrick Mahomes,215.15877690818246,271.66235527920884,26.716568632695807,18.989065429218034,0.403658921634866,0.596341078365134,146.9761273608101,295.52481106858676,208.34051195344523,274.0486008581466,1538.67912821331,1686.69984809535,17,26
2020-10-19,2020,0,,DAL,ARI,1485.22691304373,1472.55020944108,0.6099597540477281,0.39004024595227194,1442.64515495388,1515.13196753093,1504.43359217444,1477.94264281154,Andy Dalton,Kyler Murray,120.90809001332059,219.6287890254612,-113.53009163883652,30.72752252467625,0.385159698980352,0.614840301019648,31.61337549992787,253.03684996880298,111.97861856198134,222.96959511979534,1479.41849621153,1502.95773877445,10,38
2020-10-22,2020,0,,PHI,NYG,1470.12603381604,1341.69494641027,0.7527771068386627,0.24722289316133728,1473.27629015712,1338.54469006919,1487.35897701262,1365.67468113761,Carson Wentz,Daniel Jones,141.08956775308428,121.81396840872863,-10.989674113516873,-13.288867476495946,0.712105908563652,0.287894091436348,217.46548674972922,252.56803707116717,148.72715965274878,134.88937527497248,1491.08367853207,1361.94997961816,22,21
2020-10-25,2020,0,,NO,CAR,1585.86125522092,1442.49824805106,0.7684240595858819,0.2315759404141181,1591.72641194941,1436.63309132257,1585.45815706412,1440.50768857804,Drew Brees,Teddy Bridgewater,243.0807556898734,171.6017164725986,5.240069849326932,15.202780788455046,0.755077882534077,0.244922117465923,366.630676373709,297.86519331421147,255.43574775825695,184.22806415675987,1591.69442065444,1434.27142498772,27,24
2020-10-25,2020,0,,TEN,PIT,1649.09903801971,1592.44766164432,0.6682502067617823,0.33174979323821774,1629.48672406597,1612.05997559806,1604.59695872775,1619.67478570813,Ryan Tannehill,Ben Roethlisberger,229.65434873638455,208.1096218876108,29.52648971213008,16.52445939592799,0.547075163306787,0.452924836693213,228.6865328934364,112.00579939509642,229.55756715208972,198.4992396383594,1589.19918929764,1635.07255513824,24,27
2020-10-25,2020,0,,HOU,GB,1465.21073891014,1613.4193567642,0.38249128626860274,0.6175087137313973,1444.77388315885,1633.85621251549,1444.69641734739,1585.96989147576,Deshaun Watson,Aaron Rodgers,220.5114457274731,195.38720926771958,15.627306355441764,5.97890607215813,0.367634034815766,0.632365965184234,326.49554872284506,326.0976177564933,231.10985602701032,208.45825011659693,1425.14768646924,1605.51862235391,20,35
2020-10-25,2020,0,,CIN,CLE,1372.12404420204,1492.73842274037,0.42064111800511006,0.5793588819948899,1360.74895000077,1504.11351694164,1378.75310245275,1539.98344223676,Joe Burrow,Baker Mayfield,120.23057645755166,118.48978917291814,-0.4440360230856164,-8.819561851540442,0.335191301098923,0.664808698901077,399.6019578299463,379.2116678526363,148.16771459479114,144.56197704088993,1369.93637697168,1548.80016771783,34,37
2020-10-25,2020,0,,ATL,DET,1486.39220835644,1424.79050253653,0.6745370561448227,0.32546294385517727,1476.47016287278,1434.71254802019,1461.99622455625,1439.8487929458,Matt Ryan,Matthew Stafford,198.57082014521265,170.87052982064637,6.834324434738767,1.8399986825055024,0.589035116288308,0.410964883711692,246.56621353427678,202.98396578041658,203.3703594841191,174.08187341662335,1453.59156301927,1448.25345448278,22,23
2020-10-25,2020,0,,WSH,DAL,1333.70263924517,1442.64515495388,0.43709668740769664,0.5629033125923033,1369.72168053664,1406.62611366241,1355.02200931328,1479.41849621153,Kyle Allen,Andy Dalton,94.69423770662559,111.97861856198126,-6.647418286370727,-112.31832278256445,0.527472127202156,0.472527872797844,136.4012984859878,-163.23937166537053,98.86494378456182,84.45681953924608,1384.39901378365,1450.04149174116,25,3
2020-10-25,2020,0,,NYJ,BUF,1330.53824400065,1531.76001603915,0.31342496082767735,0.6865750391723227,1317.56804504341,1544.73021499639,1329.97510491236,1538.67912821331,Sam Darnold,Josh Allen,121.00961795019239,208.3405119534453,12.360932671072254,21.971607723692554,0.257242151161323,0.742757848838677,-210.6551384692174,265.68215120676996,87.8431423082514,214.07467587877775,1319.54409877562,1549.11013435005,10,18
2020-10-25,2020,0,,OAK,TB,1498.40531427875,1579.19656905067,0.4772901932920352,0.5227098067079647,1467.52581197271,1610.07607135671,1514.42227998958,1598.84129749437,Derek Carr,Tom Brady,230.7411473699643,182.54783126499512,26.009520825896157,13.515520261976699,0.397869627966842,0.602130372033158,216.7957549702583,485.9779600019717,229.34660812999368,212.89084413869276,1489.31770183425,1623.9458756497,20,45
2020-10-25,2020,0,,LAC,JAX,1430.0902579802,1338.57216644705,0.7111530206448609,0.28884697935513914,1443.02268213143,1325.63974229582,1438.39468904284,1318.50292556134,Justin Herbert,Gardner Minshew,159.88663857461162,147.2328517786952,12.08807679333736,4.254744640979917,0.753745743431784,0.246254256568216,452.45281210263744,31.769445931763794,189.14325592741417,135.68651119400204,1449.24598121349,1307.65163339069,39,29
2020-10-25,2020,0,,NE,SF,1547.06361275549,1548.92996436037,0.5898696378710866,0.4101303621289134,1506.5908355436,1589.40274157226,1537.45067996036,1565.17106405568,Cam Newton,Jimmy Garoppolo,166.5548898888669,130.30665880587728,6.600419297364411,-2.8122520732359937,0.536558163228845,0.463441836771155,-88.3226706211433,159.56503332102366,141.06713383786592,133.23249625739192,1501.27377083021,1601.34797318583,6,33
2020-10-25,2020,0,,DEN,KC,1496.99976405636,1702.26445864308,0.3084387400528219,0.6915612599471781,1477.67615404928,1721.58806865016,1511.23620374035,1686.69984809535,Drew Lock,Patrick Mahomes,90.60290438303412,274.04860085814653,-7.389238486296488,19.232734947226025,0.276812603115755,0.723187396884245,65.34361200839471,73.16248241906769,88.07697514557016,253.95998901423866,1494.08858364801,1703.84746818769,16,43
2020-10-25,2020,0,,ARI,SEA,1515.13196753093,1624.05337216934,0.43712658805486354,0.5628734119451364,1531.05604492868,1608.12929477159,1502.95773877445,1615.7011643798,Kyler Murray,Russell Wilson,222.96959511979546,242.99161882212292,30.861549445609725,23.973027645513536,0.368689149021076,0.631310850978924,469.6772892247986,333.5989977405558,247.64036453029576,252.05235671396616,1521.23773675938,1597.42116639487,37,34
2020-10-26,2020,0,,LAR,CHI,1574.91331834044,1556.6321075484,0.6176074083278007,0.3823925916721993,1594.86867316702,1536.67675272182,1563.72476433539,1564.8489989155,Jared Goff,Nick Foles,191.5945826609334,145.7449365631126,9.147860793170217,5.227342584414069,0.561294753153214,0.438705246846786,236.46837645952584,31.075806643857355,196.08196204079266,134.27802357118705,1587.03197289515,1541.54179035574,24,10
2020-10-29,2020,0,,CAR,ATL,1436.63309132257,1476.47016287278,0.5361491821212897,0.4638508178787103,1412.79968893975,1500.3035652556,1434.27142498772,1453.59156301927,Teddy Bridgewater,Matt Ryan,184.22806415676,203.37035948411918,20.75581559111313,8.892377882454989,0.537989225357995,0.462010774642005,20.87105850702081,189.20543357064756,167.8923635917861,201.95386689277203,1410.34208139105,1477.52090661594,17,25
2020-11-01,2020,0,,CLE,OAK,1504.11351694164,1467.52581197271,0.6421678824739848,0.3578321175260152,1471.82555395723,1499.81377495712,1548.80016771783,1489.31770183425,Baker Mayfield,Derek Carr,144.56197704088999,229.34660812999383,4.657510175022539,24.011775164616008,0.613756819635647,0.386243180364353,30.995353017498537,102.38815095407415,133.20531463855082,216.65076241240186,1518.24839505002,1519.86947450206,6,16
2020-11-01,2020,0,,DET,IND,1434.71254802019,1528.7812456826,0.4582641206202925,0.5417358793797076,1407.17252758018,1556.32126612261,1448.25345448278,1547.47084176827,Matthew Stafford,Philip Rivers,174.08187341662324,164.57041038372364,3.3536705463686545,8.868969852296086,0.365567716188239,0.634432283811761,170.39108441301804,222.984193873188,173.71279451626273,170.41178873267003,1426.9224215177,1568.80187473335,21,41
2020-11-01,2020,0,,BUF,NE,1544.73021499639,1506.5908355436,0.644217770721933,0.355782229278067,1554.15284556575,1497.16820497424,1549.11013435005,1501.27377083021,Josh Allen,Cam Newton,214.07467587877767,141.06713383786584,23.740109300174193,-6.473479693004267,0.656596074550678,0.343403925449322,123.17307267059752,198.15390946986852,204.98451555795967,146.7758114010661,1558.16773963577,1492.21616554449,24,21
2020-11-01,2020,0,,BAL,PIT,1666.15237564876,1612.05997559806,0.664976486532101,0.33502351346789905,1643.52259227614,1634.68975897068,1658.09777382261,1635.07255513824,Lamar Jackson,Ben Roethlisberger,235.41651808147836,198.49923963835943,1.3244242827829509,10.893045301506056,0.602497783864752,0.397502216135248,85.5484972643895,184.41388882373158,220.42971599976948,197.0907045568966,1638.04562054851,1655.12470841234,24,28
2020-11-01,2020,0,,CIN,TEN,1360.74895000077,1629.48672406597,0.23634763708132836,0.7636523629186717,1402.57442345008,1587.66125061666,1369.93637697168,1589.19918929764,Joe Burrow,Ryan Tannehill,148.1677145947911,229.55756715208977,13.546734846688222,28.00177443437617,0.24049614020071,0.75950385979929,267.7418004409665,162.21737547562964,160.12512317940863,222.82354798444374,1411.45209293276,1547.68347333656,31,20
2020-11-01,2020,0,,GB,MIN,1633.85621251549,1484.65753972531,0.7743478745126486,0.22565212548735136,1600.46933732322,1518.04441491758,1605.51862235391,1466.59049147052,Aaron Rodgers,Kirk Cousins,208.45825011659704,131.14896158782307,12.215481192988923,-11.818491641432857,0.729100248381034,0.270899751618966,311.8805121151401,147.77706230232792,218.80047631645132,132.81177165927355,1574.73689937311,1497.37221445131,22,28
2020-11-01,2020,0,,MIA,LAR,1492.91137256678,1594.86867316702,0.4470138633307442,0.5529861366692558,1520.8633093731,1566.9167363607,1490.61506070458,1587.03197289515,Tua Tagovailoa,Jared Goff,111.08789999999998,196.08196204079275,-72.20035853562577,10.93415744344144,0.343905821417189,0.656094178582811,64.13830732728935,97.65421779639702,106.39294073272892,186.23918761635318,1524.97419903374,1552.67283456599,28,17
2020-11-01,2020,0,,KC,NYJ,1721.58806865016,1317.56804504341,0.9370205237799335,0.0629794762200665,1725.00995511727,1314.1461585763,1703.84746818769,1319.54409877562,Patrick Mahomes,Sam Darnold,253.95998901423874,87.84314230825154,8.226792277910908,-4.840351783451581,0.924312413450329,0.0756875865496711,510.0943346620572,104.94272242360005,279.57342357902064,89.55310031978641,1708.0133693302,1315.37819763311,35,9
2020-11-01,2020,0,,DEN,LAC,1477.67615404928,1443.02268213143,0.6396053114441634,0.36039468855583656,1482.45578231663,1438.24305386408,1494.08858364801,1449.24598121349,Drew Lock,Justin Herbert,88.07697514557017,189.14325592741392,-8.282741180713558,26.111981630071593,0.566944475141413,0.433055524858587,166.10726465080043,219.62064931373916,95.8800040960932,192.19099526604646,1499.96696209457,1443.36760276693,31,30
2020-11-01,2020,0,,SEA,SF,1608.12929477159,1589.40274157226,0.6182126663570331,0.3817873336429669,1625.76774006447,1571.76429627938,1597.42116639487,1601.34797318583,Russell Wilson,Jimmy Garoppolo,252.05235671396613,133.23249625739194,27.304745209159428,-1.2087207438167304,0.585946734180648,0.414053265819352,358.25975392553937,-55.77028422081699,262.67309643512345,114.33221820957107,1616.7483702227,1582.020769358,37,27
2020-11-01,2020,0,,CHI,NO,1536.67675272182,1591.72641194941,0.5143157776703479,0.48568422232965214,1522.35210276958,1606.05106190165,1541.54179035574,1591.69442065444,Nick Foles,Drew Brees,134.27802357118708,255.43574775825675,-0.7674810407695233,11.155562391052175,0.463032714197331,0.536967285802669,104.7382246641258,336.8112486521739,131.32404368048097,263.57329784764846,1528.85223340714,1604.38397760304,23,26
2020-11-01,2020,0,,PHI,DAL,1473.27629015712,1406.62611366241,0.6808844462653955,0.31911555373460454,1489.58403722819,1390.31836659134,1491.08367853207,1450.04149174116,Carson Wentz,Ben DiNucci,148.7271596527487,8.61498,-6.621394458008876,-196.3051456940498,0.824679861894282,0.175320138105718,-57.89247542268662,-13.86407376676608,128.06519614520516,6.367074623323391,1499.54471111095,1441.58045916228,23,9
2020-11-02,2020,0,,NYG,TB,1338.54469006919,1610.07607135671,0.2334574814685022,0.7665425185314978,1333.85533199942,1614.76542942648,1361.94997961816,1623.9458756497,Daniel Jones,Tom Brady,134.88937527497256,212.89084413869284,-6.086720669549198,28.0112506857269,0.133403682541879,0.866596317458121,123.0922582373705,232.62850342786788,133.70966357121236,214.86461006761036,1359.39614180842,1626.49971345944,23,25
2020-11-05,2020,0,,SF,GB,1571.76429627938,1600.46933732322,0.5520434655212751,0.44795653447872485,1539.31676960145,1632.91686400115,1582.020769358,1574.73689937311,Nick Mullens,Aaron Rodgers,83.43458289292631,218.80047631645138,-41.49605904718097,16.77582023326671,0.484679780711171,0.515320219288829,166.42450020283658,409.28305724488706,91.73357462391736,237.84873440929493,1554.13764026684,1602.62002846427,17,34
2020-11-08,2020,0,,WSH,NYG,1369.72168053664,1333.85533199942,0.6412131331915106,0.35878686680848937,1351.08920965571,1352.48780288035,1384.39901378365,1359.39614180842,Kyle Allen,Daniel Jones,98.86494378456167,133.7096635712125,-4.229694333084333,-6.372240487951816,0.621212621340283,0.378787378659717,28.24336927209963,56.41888793352306,91.80278633331547,125.98058600744356,1366.47519000939,1377.31996558268,20,23
2020-11-08,2020,0,,IND,BAL,1556.32126612261,1643.52259227614,0.4680931397513402,0.5319068602486599,1531.2221596294,1668.62169876935,1568.80187473335,1638.04562054851,Philip Rivers,Lamar Jackson,170.4117887326701,220.4297159997695,11.346210534154643,-6.235197972210588,0.476096485728436,0.523903514271564,118.39948539817,254.89782120799225,165.2105583992201,223.87652652059177,1543.20938020013,1663.63811508173,10,24
2020-11-08,2020,0,,KC,CAR,1725.00995511727,1412.79968893975,0.8976513702401842,0.10234862975981585,1726.92963718969,1410.88000686733,1708.0133693302,1410.34208139105,Patrick Mahomes,Teddy Bridgewater,279.5734235790207,167.89236359178622,20.622169946406274,11.550174529070757,0.878044877293975,0.121955122706025,379.3614529077417,410.19187731804476,289.5522265118928,192.12231496441208,1710.33163572877,1408.02381499248,33,31
2020-11-08,2020,0,,JAX,HOU,1325.63974229582,1444.77388315885,0.42271908042227757,0.5772809195777224,1316.57471276122,1453.83891269345,1307.65163339069,1425.14768646924,Jake Luton,Deshaun Watson,27.658619999999996,231.10985602701018,-109.75905407741769,20.145146187438044,0.228786859342778,0.771213140657222,202.5090278842937,226.84646251312913,45.143660788429365,230.6835166756221,1303.06479475334,1429.73452510659,25,27
2020-11-08,2020,0,,MIN,DET,1518.04441491758,1407.17252758018,0.7334895635420094,0.26651043645799055,1531.41038821575,1393.80655428201,1497.37221445131,1426.9224215177,Kirk Cousins,Matthew Stafford,132.81177165927363,173.71279451626287,-10.39616202363585,3.001447568870197,0.629684687268628,0.370315312731372,201.9012751951536,89.67277752500826,139.72072201286161,165.30879281713737,1516.62194478245,1407.67269118656,34,20
2020-11-08,2020,0,,TEN,CHI,1587.66125061666,1522.35210276958,0.6792047922564614,0.32079520774353865,1600.25670165657,1509.75665172967,1547.68347333656,1528.85223340714,Ryan Tannehill,Nick Foles,222.82354798444388,131.32404368048097,23.234676128834607,-2.2060969340840146,0.611576852776955,0.388423147223045,81.34697723519069,242.11100143454334,208.67589090951856,142.4027394558872,1563.27853726403,1513.25716947967,24,17
2020-11-08,2020,0,,BUF,SEA,1554.15284556575,1625.76774006447,0.4904815516742413,0.5095184483257587,1578.66197646369,1601.25860916653,1558.16773963577,1616.7483702227,Josh Allen,Russell Wilson,204.9845155579597,262.6730964351235,18.008023674756394,31.249877809280104,0.456446776223107,0.543553223776893,319.2245210058488,211.97250501200006,216.4085161027486,257.60303729281117,1584.59994720737,1590.3161626511,44,34
2020-11-08,2020,0,,ATL,DEN,1500.3035652556,1482.45578231663,0.6170179926141776,0.38298200738582244,1515.6532976733,1467.10604989893,1477.52090661594,1499.96696209457,Matt Ryan,Drew Lock,201.95386689277206,95.88000409609313,7.7395126926585585,-3.9670896464162677,0.538933775226683,0.461066224773317,254.47590786367726,231.3237965972947,207.20607098986258,109.42438334621326,1496.46270721141,1481.0251614991,34,27
2020-11-08,2020,0,,LAC,OAK,1438.24305386408,1499.81377495712,0.504934968799675,0.49506503120032497,1420.12036465032,1517.93646417088,1443.36760276693,1519.86947450206,Justin Herbert,Derek Carr,192.19099526604649,216.65076241240178,26.33025221788434,16.463263547589218,0.45306922672811,0.54693077327189,259.42187638224857,148.19819243388554,198.91408337766669,209.80550541455017,1427.36962116374,1535.86745610525,26,31
2020-11-08,2020,0,,DAL,PIT,1390.31836659134,1634.68975897068,0.26259105163162355,0.7374089483683764,1381.61774918823,1643.39037637379,1441.58045916228,1655.12470841234,Garrett Gilbert,Ben Roethlisberger,16.32312,197.09070455689658,-177.65779572100888,9.644125495699186,0.109826724758541,0.890173275241459,180.56736341679485,364.7284393640745,32.747544341679486,213.85447803761437,1438.20287658365,1658.50229099097,19,24
2020-11-08,2020,0,,ARI,MIA,1531.05604492868,1520.8633093731,0.6065526274402168,0.39344737255978324,1513.64370732358,1538.2756469782,1521.23773675938,1524.97419903374,Kyler Murray,Tua Tagovailoa,247.64036453029567,106.39294073272887,41.65385667857932,-70.93782024248006,0.73227404422382,0.26772595577618,552.7577979222024,208.64533886915365,278.1521078694864,116.61818054637135,1499.18246512827,1547.02947066485,31,34
2020-11-08,2020,0,,TB,NO,1614.76542942648,1606.05106190165,0.6045198737280251,0.39548012627197493,1569.93722344324,1650.87926788489,1626.49971345944,1604.38397760304,Tom Brady,Drew Brees,214.86461006761044,263.5732978476487,27.597571115899285,14.666559316195684,0.599342064019002,0.400657935980998,-100.51239555345549,360.4439363411271,183.32690950550383,273.2603616969965,1582.13379641166,1648.74989465082,3,38
2020-11-09,2020,0,,NYJ,NE,1314.1461585763,1497.16820497424,0.33639757087583627,0.6636024291241638,1305.29411746726,1506.02024608328,1315.37819763311,1492.21616554449,Joe Flacco,Cam Newton,83.11729757625393,146.7758114010662,-10.179157932043973,-3.2954669267539973,0.296567535166184,0.703432464833816,280.99071005269275,314.6059089445787,102.90463882389783,163.55882115541743,1307.68057573378,1499.91378744382,27,30
2020-11-12,2020,0,,TEN,IND,1600.25670165657,1531.2221596294,0.683859304106022,0.316140695893978,,,,,Ryan Tannehill,Philip Rivers,208.67589090951864,165.21055839921996,14.999113784930218,8.178284840721927,0.5867457586260306,0.4132542413739694,,,"","",,,,
2020-11-15,2020,0,,GB,JAX,1632.91686400115,1316.57471276122,0.8998160071416239,0.10018399285837609,,,,,Aaron Rodgers,Jake Luton,237.8487344092949,45.14366078842949,25.46115826802525,-95.52858097933192,0.9330675402477933,0.06693245975220674,,,"","",,,,
2020-11-15,2020,0,,NYG,PHI,1352.48780288035,1489.58403722819,0.397709203357401,0.602290796642599,,,,,Daniel Jones,Carson Wentz,125.98058600744363,128.0651961452051,-9.918167245438656,-16.62130648888015,0.35046867116817193,0.6495313288318281,,,"","",,,,
2020-11-15,2020,0,,CAR,TB,1410.88000686733,1569.93722344324,0.3678533949072375,0.6321466050927624,,,,,Teddy Bridgewater,Tom Brady,192.122314964412,183.32690950550395,23.08764148893014,10.448842279051124,0.24829904514443826,0.7517009548555618,,,"","",,,,
2020-11-15,2020,0,,DET,WSH,1393.80655428201,1351.08920965571,0.6502346689478355,0.34976533105216445,,,,,"",Alex Smith,158.71064566595203,143.29577797854,-7.948772810321309,43.943703303171205,0.5343589183876994,0.46564108161230056,,,"","",,,,
2020-11-15,2020,0,,CLE,HOU,1471.82555395723,1453.83891269345,0.6172068626988942,0.38279313730110576,,,,,"",Deshaun Watson,130.7865462207988,230.68351667562197,-3.6724649526503352,18.924719202372067,0.6768072996416805,0.3231927003583195,,,"","",,,,
2020-11-15,2020,0,,MIA,LAC,1538.2756469782,1420.12036465032,0.741604850999666,0.258395149000334,,,,,Tua Tagovailoa,Justin Herbert,116.61818054637135,198.91408337766669,-62.27830932353479,28.375283662800364,0.6012572656053776,0.3987427343946224,,,"","",,,,
2020-11-15,2020,0,,OAK,DEN,1517.93646417088,1467.10604989893,0.6607803075521802,0.3392196924478198,,,,,Derek Carr,Drew Lock,209.80550541455008,109.42438334621342,12.217471871284031,3.0034544609648766,0.639391178091973,0.360608821908027,,,"","",,,,
2020-11-15,2020,0,,ARI,BUF,1513.64370732358,1578.66197646369,0.4999737085939746,0.5000262914060254,,,,,Kyler Murray,Josh Allen,278.15210786948643,216.4085161027485,54.827035514245836,22.819622763412845,0.48165990830626926,0.5183400916937307,,,"","",,,,
2020-11-15,2020,0,,NO,SF,1650.87926788489,1539.31676960145,0.7342659783391571,0.2657340216608429,,,,,Drew Brees,Nick Mullens,273.2603616969966,91.73357462391738,18.776763275060002,-35.27176022932649,0.7483759558645665,0.2516240441354335,,,"","",,,,
2020-11-15,2020,0,,PIT,CIN,1643.39037637379,1402.57442345008,0.8532620210455575,0.14673797895444252,,,,,"",Joe Burrow,175.3210066001087,160.12512317940863,-20.989665476232428,18.84810239666246,0.776394259346634,0.22360574065336603,,,"","",,,,
2020-11-15,2020,0,,LAR,SEA,1566.9167363607,1601.25860916653,0.5440064321184054,0.4559935678815946,,,,,Jared Goff,Russell Wilson,186.2391876163533,257.6030372928111,5.466062359049804,27.15235434765976,0.503648133265863,0.496351866734137,,,"","",,,,
2020-11-15,2020,0,,NE,BAL,1506.02024608328,1668.62169876935,0.36312202855848824,0.6368779714415118,,,,,Cam Newton,Lamar Jackson,163.5588211554175,223.87652652059177,5.26081129675925,-4.200032813189034,0.33399302199502623,0.6660069780049738,,,"","",,,,
2020-11-16,2020,0,,CHI,MIN,1509.75665172967,1531.41038821575,0.5620586361989413,0.43794136380105875,,,,,Nick Foles,Kirk Cousins,142.40273945588723,139.72072201286164,3.4435558003231943,-6.421878745659953,0.5586230246524848,0.4413769753475152,,,"","",,,,
2020-11-19,2020,0,,SEA,ARI,1601.25860916653,1513.64370732358,0.7065158485224561,0.2934841514775439,,,,,Russell Wilson,Kyler Murray,257.6030372928111,278.15210786948643,27.15235434765976,54.827035514245836,0.6412322196613532,0.35876778033864676,,,"","",,,,
2020-11-22,2020,0,,HOU,NE,1453.83891269345,1506.02024608328,0.5184391781526071,0.4815608218473929,,,,,Deshaun Watson,Cam Newton,230.68351667562197,163.5588211554175,18.924719202372067,5.26081129675925,0.4753522580177862,0.5246477419822138,,,"","",,,,
2020-11-22,2020,0,,WSH,CIN,1351.08920965571,1402.57442345008,0.5194395370688064,0.4805604629311936,,,,,Alex Smith,Joe Burrow,143.29577797854,160.12512317940863,43.943703303171205,18.84810239666246,0.5212346799104437,0.4787653200895563,,,"","",,,,
2020-11-22,2020,0,,JAX,PIT,1316.57471276122,1643.39037637379,0.1813642032141434,0.8186357967858566,,,,,"",Ben Roethlisberger,58.72508834926536,213.85447803761411,-81.94715341849606,17.543805961273005,0.08222019225810079,0.9177798077418993,,,"","",,,,
2020-11-22,2020,0,,BAL,TEN,1668.62169876935,1600.25670165657,0.6830254503214502,0.31697454967854977,,,,,Lamar Jackson,Ryan Tannehill,223.87652652059177,208.67589090951864,-4.200032813189034,14.999113784930218,0.6616962497749685,0.33830375022503145,,,"","",,,,
2020-11-22,2020,0,,CLE,PHI,1471.82555395723,1489.58403722819,0.5675700992222663,0.4324299007777337,,,,,Baker Mayfield,Carson Wentz,133.20531463855076,128.0651961452051,-1.2536965348983848,-16.62130648888015,0.597337129081118,0.402662870918882,,,"","",,,,
2020-11-22,2020,0,,NO,ATL,1650.87926788489,1515.6532976733,0.7599842814482706,0.24001571855172943,,,,,Drew Brees,Matt Ryan,273.2603616969966,207.20607098986244,18.776763275060002,9.978639106570858,0.7277265863851115,0.27227341361488855,,,"","",,,,
2020-11-22,2020,0,,CAR,DET,1410.88000686733,1393.80655428201,0.6159641298814124,0.38403587011858764,,,,,Teddy Bridgewater,Matthew Stafford,192.122314964412,165.3087928171373,23.08764148893014,-1.3506256591360604,0.5852382815472681,0.4147617184527319,,,"","",,,,
2020-11-22,2020,0,,DEN,MIA,1467.10604989893,1538.2756469782,0.4911221692132535,0.5088778307867465,,,,,Drew Lock,Tua Tagovailoa,109.42438334621342,116.61818054637135,3.0034544609648766,-62.27830932353479,0.5561020249890813,0.44389797501091866,,,"","",,,,
2020-11-22,2020,0,,LAC,NYJ,1420.12036465032,1305.29411746726,0.7379156434378649,0.26208435656213513,,,,,Justin Herbert,"",198.91408337766669,90.62122340011521,28.375283662800364,-12.059944835402309,0.7358013671459674,0.26419863285403256,,,"","",,,,
2020-11-22,2020,0,,IND,GB,1531.2221596294,1632.91686400115,0.4473875556065946,0.5526124443934054,,,,,Philip Rivers,Aaron Rodgers,165.21055839921996,237.8487344092949,8.178284840721927,25.46115826802525,0.4393886805142183,0.5606113194857817,,,"","",,,,
2020-11-22,2020,0,,MIN,DAL,1531.41038821575,1381.61774918823,0.7749447522499516,0.22505524775004837,,,,,Kirk Cousins,"",139.72072201286164,71.52950073985451,-6.421878745659953,-121.78073736594382,0.7652292101557872,0.23477078984421285,,,"","",,,,
2020-11-22,2020,0,,OAK,KC,1517.93646417088,1726.92963718969,0.3038795427452939,0.6961204572547062,,,,,Derek Carr,Patrick Mahomes,209.80550541455008,289.55222651189274,12.217471871284031,24.580462915522176,0.26836766507147386,0.7316323349285261,,,"","",,,,
2020-11-23,2020,0,,TB,LAR,1569.93722344324,1566.9167363607,0.5966575550992365,0.40334244490076354,,,,,Tom Brady,Jared Goff,183.32690950550395,186.2391876163533,10.448842279051124,5.466062359049804,0.6077435547280002,0.39225644527199977,,,"","",,,,
2020-11-26,2020,0,,DET,HOU,1393.80655428201,1453.83891269345,0.507148523792452,0.492851476207548,,,,,Matthew Stafford,Deshaun Watson,165.3087928171373,230.68351667562197,-1.3506256591360604,18.924719202372067,0.49297138296787124,0.5070286170321288,,,"","",,,,
2020-11-26,2020,0,,DAL,WSH,1381.61774918823,1351.08920965571,0.6341138928519906,0.3658861071480094,,,,,Andy Dalton,Alex Smith,84.45681953924621,143.29577797854,-108.85341856655211,43.943703303171205,0.4380989973077931,0.5619010026922069,,,"","",,,,
2020-11-26,2020,0,,PIT,BAL,1643.39037637379,1668.62169876935,0.5569830828501727,0.44301691714982727,,,,,Ben Roethlisberger,Lamar Jackson,213.85447803761411,223.87652652059177,17.543805961273005,-4.200032813189034,0.5720237784132699,0.4279762215867301,,,"","",,,,
2020-11-29,2020,0,,IND,TEN,1531.2221596294,1600.25670165657,0.4941940882612285,0.5058059117387714,,,,,Philip Rivers,Ryan Tannehill,165.21055839921996,208.67589090951864,8.178284840721927,14.999113784930218,0.5102351203667091,0.48976487963329085,,,"","",,,,
2020-11-29,2020,0,,BUF,LAC,1578.66197646369,1420.12036465032,0.7836065824150592,0.2163934175849408,,,,,Josh Allen,Justin Herbert,216.4085161027485,198.91408337766669,22.819622763412845,28.375283662800364,0.778651758522163,0.22134824147783705,,,"","",,,,
2020-11-29,2020,0,,JAX,CLE,1316.57471276122,1471.82555395723,0.3729631700460944,0.6270368299539055,,,,,"",Baker Mayfield,58.72508834926536,133.20531463855076,-81.94715341849606,-1.2536965348983848,0.1831078261243578,0.8168921738756422,,,"","",,,,
2020-11-29,2020,0,,MIN,CAR,1531.41038821575,1410.88000686733,0.7442161425822968,0.25578385741770315,,,,,Kirk Cousins,Teddy Bridgewater,139.72072201286164,192.122314964412,-6.421878745659953,23.08764148893014,0.660798053691431,0.33920194630856904,,,"","",,,,
2020-11-29,2020,0,,CIN,NYG,1402.57442345008,1352.48780288035,0.6598199239206316,0.3401800760793684,,,,,Joe Burrow,Daniel Jones,160.12512317940863,125.98058600744363,18.84810239666246,-9.918167245438656,0.6037585485367347,0.3962414514632653,,,"","",,,,
2020-11-29,2020,0,,NE,ARI,1506.02024608328,1513.64370732358,0.5818289408142645,0.4181710591857355,,,,,Cam Newton,Kyler Murray,163.5588211554175,278.15210786948643,5.26081129675925,54.827035514245836,0.49041743376015856,0.5095825662398414,,,"","",,,,
2020-11-29,2020,0,,ATL,OAK,1515.6532976733,1517.93646417088,0.5892890468189536,0.41071095318104645,,,,,Matt Ryan,Derek Carr,207.20607098986244,209.80550541455008,9.978639106570858,12.217471871284031,0.49761139196982146,0.5023886080301785,,,"","",,,,
2020-11-29,2020,0,,NYJ,MIA,1305.29411746726,1538.2756469782,0.27548297821814527,0.7245170217818547,,,,,Sam Darnold,Tua Tagovailoa,89.5531003197864,116.61818054637135,-13.128067915731123,-62.27830932353479,0.2932009221539882,0.7067990778460118,,,"","",,,,
2020-11-29,2020,0,,LAR,SF,1566.9167363607,1539.31676960145,0.6301937886231409,0.3698062113768591,,,,,Jared Goff,Nick Mullens,186.2391876163533,91.73357462391738,5.466062359049804,-35.27176022932649,0.5695639097380679,0.4304360902619321,,,"","",,,,
2020-11-29,2020,0,,DEN,NO,1467.10604989893,1650.87926788489,0.33543296952174967,0.6645670304782503,,,,,Drew Lock,Drew Brees,109.42438334621342,273.2603616969966,3.0034544609648766,18.776763275060002,0.3012389536606419,0.6987610463393581,,,"","",,,,
2020-11-29,2020,0,,TB,KC,1569.93722344324,1726.92963718969,0.37062163923998076,0.6293783607600192,,,,,Tom Brady,Patrick Mahomes,183.32690950550395,289.55222651189274,10.448842279051124,24.580462915522176,0.3530535958990429,0.6469464041009572,,,"","",,,,
2020-11-29,2020,0,,GB,CHI,1632.91686400115,1509.75665172967,0.7470872194695352,0.25291278053046484,,,,,Aaron Rodgers,Nick Foles,237.8487344092949,142.40273945588723,25.46115826802525,3.4435558003231943,0.6662880869810897,0.33371191301891034,,,"","",,,,
2020-11-30,2020,0,,PHI,SEA,1489.58403722819,1601.25860916653,0.43323107522004284,0.5667689247799572,,,,,Carson Wentz,Russell Wilson,128.0651961452051,257.6030372928111,-16.62130648888015,27.15235434765976,0.37056430219950615,0.6294356978004938,,,"","",,,,
2020-12-03,2020,0,,BAL,DAL,1668.62169876935,1381.61774918823,0.8835306276685807,0.1164693723314193,,,,,Lamar Jackson,Andy Dalton,223.87652652059177,84.45681953924621,-4.200032813189034,-108.85341856655211,0.892676350191059,0.10732364980894105,,,"","",,,,
2020-12-06,2020,0,,MIA,CIN,1538.2756469782,1402.57442345008,0.7604829547199896,0.2395170452800104,,,,,Tua Tagovailoa,Joe Burrow,116.61818054637135,160.12512317940863,-62.27830932353479,18.84810239666246,0.6283393209071367,0.37166067909286327,,,"","",,,,
2020-12-06,2020,0,,MIN,JAX,1531.41038821575,1316.57471276122,0.8335312565356653,0.1664687434643347,,,,,Kirk Cousins,"",139.72072201286164,58.72508834926536,-6.421878745659953,-81.94715341849606,0.8677884243269871,0.1322115756730129,,,"","",,,,
2020-12-06,2020,0,,CHI,DET,1509.75665172967,1393.80655428201,0.7391648737501341,0.26083512624986593,,,,,Nick Foles,Matthew Stafford,142.40273945588723,165.3087928171373,3.4435558003231943,-1.3506256591360604,0.6652761928215071,0.3347238071784929,,,"","",,,,
2020-12-06,2020,0,,HOU,IND,1453.83891269345,1531.2221596294,0.4821866175138393,0.5178133824861607,,,,,Deshaun Watson,Philip Rivers,230.68351667562197,165.21055839921996,18.924719202372067,8.178284840721927,0.4409266489742253,0.5590733510257747,,,"","",,,,
2020-12-06,2020,0,,PIT,WSH,1643.39037637379,1351.08920965571,0.8866320000411825,0.11336799995881752,,,,,Ben Roethlisberger,Alex Smith,213.85447803761411,143.29577797854,17.543805961273005,43.943703303171205,0.8485933656809536,0.15140663431904644,,,"","",,,,
2020-12-06,2020,0,,NYJ,OAK,1305.29411746726,1517.93646417088,0.2994543247460727,0.7005456752539273,,,,,Sam Darnold,Derek Carr,89.5531003197864,209.80550541455008,-13.128067915731123,12.217471871284031,0.2282637638573674,0.7717362361426325,,,"","",,,,
2020-12-06,2020,0,,ATL,NO,1515.6532976733,1650.87926788489,0.40029089787492383,0.5997091021250762,,,,,Matt Ryan,Drew Brees,207.20607098986244,273.2603616969966,9.978639106570858,18.776763275060002,0.3257363341726428,0.6742636658273572,,,"","",,,,
2020-12-06,2020,0,,TEN,CLE,1600.25670165657,1471.82555395723,0.7527771714311108,0.24722282856888922,,,,,Ryan Tannehill,Baker Mayfield,208.67589090951864,133.20531463855076,14.999113784930218,-1.2536965348983848,0.6349033936411133,0.36509660635888674,,,"","",,,,
2020-12-06,2020,0,,ARI,LAR,1513.64370732358,1566.9167363607,0.5168700618487487,0.48312993815125127,,,,,Kyler Murray,Jared Goff,278.15210786948643,186.2391876163533,54.827035514245836,5.466062359049804,0.5434568969006621,0.4565431030993379,,,"","",,,,
2020-12-06,2020,0,,SEA,NYG,1601.25860916653,1352.48780288035,0.8589031886225578,0.14109681137744223,,,,,Russell Wilson,Daniel Jones,257.6030372928111,125.98058600744363,27.15235434765976,-9.918167245438656,0.8435236769688037,0.1564763230311963,,,"","",,,,
2020-12-06,2020,0,,GB,PHI,1632.91686400115,1489.58403722819,0.7683931427324485,0.23160685726755148,,,,,Aaron Rodgers,Carson Wentz,237.8487344092949,128.0651961452051,25.46115826802525,-16.62130648888015,0.739316561771461,0.260683438228539,,,"","",,,,
2020-12-06,2020,0,,LAC,NE,1420.12036465032,1506.02024608328,0.46995887958776805,0.530041120412232,,,,,Justin Herbert,Cam Newton,198.91408337766669,163.5588211554175,28.375283662800364,5.26081129675925,0.4912790941679631,0.5087209058320369,,,"","",,,,
2020-12-06,2020,0,,KC,DEN,1726.92963718969,1467.10604989893,0.8664391699575898,0.13356083004241015,,,,,Patrick Mahomes,Drew Lock,289.55222651189274,109.42438334621342,24.580462915522176,3.0034544609648766,0.83850848772069,0.16149151227931002,,,"","",,,,
2020-12-07,2020,0,,SF,BUF,1539.31676960145,1578.66197646369,0.5368532598022367,0.46314674019776325,,,,,Nick Mullens,Josh Allen,91.73357462391738,216.4085161027485,-35.27176022932649,22.819622763412845,0.4336984790565224,0.5663015209434776,,,"","",,,,
2020-12-10,2020,0,,LAR,NE,1566.9167363607,1506.02024608328,0.6736452054360569,0.3263547945639431,,,,,Jared Goff,Cam Newton,186.2391876163533,163.5588211554175,5.466062359049804,5.26081129675925,0.635188271697957,0.364811728302043,,,"","",,,,
2020-12-13,2020,0,,NYG,ARI,1352.48780288035,1513.64370732358,0.36504861963039675,0.6349513803696032,,,,,Daniel Jones,Kyler Murray,125.98058600744363,278.15210786948643,-9.918167245438656,54.827035514245836,0.3026271641648328,0.6973728358351672,,,"","",,,,
2020-12-13,2020,0,,JAX,TEN,1316.57471276122,1600.25670165657,0.22117455401747302,0.778825445982527,,,,,"",Ryan Tannehill,58.72508834926536,208.67589090951864,-81.94715341849606,14.999113784930218,0.13534876423884565,0.8646512357611543,,,"","",,,,
2020-12-13,2020,0,,MIA,KC,1538.2756469782,1726.92963718969,0.32919911111983313,0.6708008888801669,,,,,Tua Tagovailoa,Patrick Mahomes,116.61818054637135,289.55222651189274,-62.27830932353479,24.580462915522176,0.22761075098232417,0.7723892490176758,,,"","",,,,
2020-12-13,2020,0,,TB,MIN,1569.93722344324,1531.41038821575,0.6447288107703011,0.3552711892296989,,,,,Tom Brady,Kirk Cousins,183.32690950550395,139.72072201286164,10.448842279051124,-6.421878745659953,0.6981319745924086,0.3018680254075914,,,"","",,,,
2020-12-13,2020,0,,DET,GB,1393.80655428201,1632.91686400115,0.2684974068897446,0.7315025931102555,,,,,Matthew Stafford,Aaron Rodgers,165.3087928171373,237.8487344092949,-1.3506256591360604,25.46115826802525,0.25353637847109883,0.7464636215289011,,,"","",,,,
2020-12-13,2020,0,,CAR,DEN,1410.88000686733,1467.10604989893,0.5126240555763583,0.48737594442364174,,,,,Teddy Bridgewater,Drew Lock,192.122314964412,109.42438334621342,23.08764148893014,3.0034544609648766,0.5151291642451841,0.48487083575481593,,,"","",,,,
2020-12-13,2020,0,,CIN,DAL,1402.57442345008,1381.61774918823,0.6212380400383554,0.37876195996164463,,,,,Joe Burrow,Andy Dalton,160.12512317940863,84.45681953924621,18.84810239666246,-108.85341856655211,0.6878676081609549,0.31213239183904506,,,"","",,,,
2020-12-13,2020,0,,CHI,HOU,1509.75665172967,1453.83891269345,0.6673133030976514,0.33268669690234864,,,,,Nick Foles,Deshaun Watson,142.40273945588723,230.68351667562197,3.4435558003231943,18.924719202372067,0.6464503477712648,0.35354965222873524,,,"","",,,,
2020-12-13,2020,0,,OAK,IND,1517.93646417088,1531.2221596294,0.5738780799407877,0.42612192005921234,,,,,Derek Carr,Philip Rivers,209.80550541455008,165.21055839921996,12.217471871284031,8.178284840721927,0.5517416702499177,0.4482583297500823,,,"","",,,,
2020-12-13,2020,0,,SEA,NYJ,1601.25860916653,1305.29411746726,0.8887344348009291,0.11126556519907094,,,,,Russell Wilson,Sam Darnold,257.6030372928111,89.5531003197864,27.15235434765976,-13.128067915731123,0.8912949824977395,0.10870501750226047,,,"","",,,,
2020-12-13,2020,0,,LAC,ATL,1420.12036465032,1515.6532976733,0.4561723468030355,0.5438276531969646,,,,,Justin Herbert,Matt Ryan,198.91408337766669,207.20607098986244,28.375283662800364,9.978639106570858,0.4857068648184741,0.5142931351815259,,,"","",,,,
2020-12-13,2020,0,,PHI,NO,1489.58403722819,1650.87926788489,0.3648627396202646,0.6351372603797354,,,,,Carson Wentz,Drew Brees,128.0651961452051,273.2603616969966,-16.62130648888015,18.776763275060002,0.29992582106427845,0.7000741789357215,,,"","",,,,
2020-12-13,2020,0,,SF,WSH,1539.31676960145,1351.08920965571,0.8111798796519852,0.18882012034801476,,,,,Nick Mullens,Alex Smith,91.73357462391738,143.29577797854,-35.27176022932649,43.943703303171205,0.7048617311196583,0.29513826888034167,,,"","",,,,
2020-12-13,2020,0,,BUF,PIT,1578.66197646369,1643.39037637379,0.5003908638692934,0.49960913613070657,,,,,Josh Allen,Ben Roethlisberger,216.4085161027485,213.85447803761411,22.819622763412845,17.543805961273005,0.44989416521469294,0.5501058347853071,,,"","",,,,
2020-12-14,2020,0,,CLE,BAL,1471.82555395723,1668.62169876935,0.31893300885476,0.68106699114524,,,,,Baker Mayfield,Lamar Jackson,133.20531463855076,223.87652652059177,-1.2536965348983848,-4.200032813189034,0.3491219838351385,0.6508780161648615,,,"","",,,,
2020-12-17,2020,0,,OAK,LAC,1517.93646417088,1420.12036465032,0.7185427858916998,0.28145721410830016,,,,,Derek Carr,Justin Herbert,209.80550541455008,198.91408337766669,12.217471871284031,28.375283662800364,0.6741149246016496,0.32588507539835043,,,"","",,,,
2020-12-20,2020,0,,IND,HOU,1531.2221596294,1453.83891269345,0.6941564890716126,0.30584351092838735,,,,,Philip Rivers,Deshaun Watson,165.21055839921996,230.68351667562197,8.178284840721927,18.924719202372067,0.6902719364551503,0.3097280635448497,,,"","",,,,
2020-12-20,2020,0,,DEN,BUF,1467.10604989893,1578.66197646369,0.4333987825036471,0.5666012174963528,,,,,Drew Lock,Josh Allen,109.42438334621342,216.4085161027485,3.0034544609648766,22.819622763412845,0.38020320719177586,0.6197967928082242,,,"","",,,,
2020-12-20,2020,0,,GB,CAR,1632.91686400115,1410.88000686733,0.8392039498343377,0.16079605016566234,,,,,Aaron Rodgers,Teddy Bridgewater,237.8487344092949,192.122314964412,25.46115826802525,23.08764148893014,0.7926540472736265,0.20734595272637346,,,"","",,,,
2020-12-20,2020,0,,LAR,NYJ,1566.9167363607,1305.29411746726,0.8676330559046486,0.13236694409535144,,,,,Jared Goff,Sam Darnold,186.2391876163533,89.5531003197864,5.466062359049804,-13.128067915731123,0.8536782449537248,0.1463217550462752,,,"","",,,,
2020-12-20,2020,0,,TEN,DET,1600.25670165657,1393.80655428201,0.8267250676681897,0.17327493233181035,,,,,Ryan Tannehill,Matthew Stafford,208.67589090951864,165.3087928171373,14.999113784930218,-1.3506256591360604,0.7668608206039857,0.23313917939601425,,,"","",,,,
2020-12-20,2020,0,,ATL,TB,1515.6532976733,1569.93722344324,0.5154167820743589,0.4845832179256411,,,,,Matt Ryan,Tom Brady,207.20607098986244,183.32690950550395,9.978639106570858,10.448842279051124,0.3370951883129448,0.6629048116870552,,,"","",,,,
2020-12-20,2020,0,,MIN,CHI,1531.41038821575,1509.75665172967,0.622181752813043,0.377818247186957,,,,,Kirk Cousins,Nick Foles,139.72072201286164,142.40273945588723,-6.421878745659953,3.4435558003231943,0.5400971939359378,0.4599028060640622,,,"","",,,,
2020-12-20,2020,0,,WSH,SEA,1351.08920965571,1601.25860916653,0.256179618933621,0.743820381066379,,,,,Alex Smith,Russell Wilson,143.29577797854,257.6030372928111,43.943703303171205,27.15235434765976,0.2792452068212349,0.7207547931787651,,,"","",,,,
2020-12-20,2020,0,,BAL,JAX,1668.62169876935,1316.57471276122,0.9168818425556865,0.0831181574443135,,,,,Lamar Jackson,"",223.87652652059177,58.72508834926536,-4.200032813189034,-81.94715341849606,0.9387064601138313,0.0612935398861687,,,"","",,,,
2020-12-20,2020,0,,MIA,NE,1538.2756469782,1506.02024608328,0.6364171593014492,0.36358284069855085,,,,,Tua Tagovailoa,Cam Newton,116.61818054637135,163.5588211554175,-62.27830932353479,5.26081129675925,0.5251414394506924,0.47485856054930764,,,"","",,,,
2020-12-20,2020,0,,NYG,CLE,1352.48780288035,1471.82555395723,0.4224330877366413,0.5775669122633587,,,,,Daniel Jones,Baker Mayfield,125.98058600744363,133.20531463855076,-9.918167245438656,-1.2536965348983848,0.34029974510365807,0.659700254896342,,,"","",,,,
2020-12-20,2020,0,,ARI,PHI,1513.64370732358,1489.58403722819,0.6254318647840421,0.3745681352159579,,,,,Kyler Murray,Carson Wentz,278.15210786948643,128.0651961452051,54.827035514245836,-16.62130648888015,0.6563891773016309,0.34361082269836907,,,"","",,,,
2020-12-20,2020,0,,NO,KC,1650.87926788489,1726.92963718969,0.48410260042353576,0.5158973995764642,,,,,Drew Brees,Patrick Mahomes,273.2603616969966,289.55222651189274,18.776763275060002,24.580462915522176,0.4545399434806137,0.5454600565193863,,,"","",,,,
2020-12-20,2020,0,,DAL,SF,1381.61774918823,1539.31676960145,0.3696733366860686,0.6303266633139314,,,,,Andy Dalton,Nick Mullens,84.45681953924621,91.73357462391738,-108.85341856655211,-35.27176022932649,0.29582684313341484,0.7041731568665852,,,"","",,,,
2020-12-21,2020,0,,CIN,PIT,1402.57442345008,1643.39037637379,0.2665733835388347,0.7334266164611654,,,,,Joe Burrow,Ben Roethlisberger,160.12512317940863,213.85447803761411,18.84810239666246,17.543805961273005,0.22815647653916826,0.7718435234608317,,,"","",,,,
2020-12-25,2020,0,,NO,MIN,1650.87926788489,1531.41038821575,0.7430512233327179,0.2569487766672821,,,,,Drew Brees,Kirk Cousins,273.2603616969966,139.72072201286164,18.776763275060002,-6.421878745659953,0.7539635988978474,0.24603640110215264,,,"","",,,,
2020-12-27,2020,0,,NYJ,CLE,1305.29411746726,1471.82555395723,0.35790655108206404,0.642093448917936,,,,,Sam Darnold,Baker Mayfield,89.5531003197864,133.20531463855076,-13.128067915731123,-1.2536965348983848,0.2532576304401621,0.7467423695598379,,,"","",,,,
2020-12-27,2020,0,,DET,TB,1393.80655428201,1569.93722344324,0.3453099370155594,0.6546900629844405,,,,,Matthew Stafford,Tom Brady,165.3087928171373,183.32690950550395,-1.3506256591360604,10.448842279051124,0.22456194546319846,0.7754380545368016,,,"","",,,,
2020-12-27,2020,0,,LAC,DEN,1420.12036465032,1467.10604989893,0.5259014762356232,0.4740985237643768,,,,,Justin Herbert,Drew Lock,198.91408337766669,109.42438334621342,28.375283662800364,3.0034544609648766,0.5116075290800021,0.48839247091999793,,,"","",,,,
2020-12-27,2020,0,,ARI,SF,1513.64370732358,1539.31676960145,0.5563555343102029,0.4436444656897971,,,,,Kyler Murray,"",278.15210786948643,92.86350680319998,54.827035514245836,-34.14182805004389,0.5987970257442599,0.40120297425574014,,,"","",,,,
2020-12-27,2020,0,,OAK,MIA,1517.93646417088,1538.2756469782,0.5639204045442163,0.4360795954557837,,,,,Derek Carr,Tua Tagovailoa,209.80550541455008,116.61818054637135,12.217471871284031,-62.27830932353479,0.6467029450373057,0.35329705496269426,,,"","",,,,
2020-12-27,2020,0,,JAX,CHI,1316.57471276122,1509.75665172967,0.32346909487672226,0.6765309051232777,,,,,"",Nick Foles,58.72508834926536,142.40273945588723,-81.94715341849606,3.4435558003231943,0.18367573720677224,0.8163242627932278,,,"","",,,,
2020-12-27,2020,0,,PIT,IND,1643.39037637379,1531.2221596294,0.7349457640491379,0.2650542359508621,,,,,Ben Roethlisberger,Philip Rivers,213.85447803761411,165.21055839921996,17.543805961273005,8.178284840721927,0.7140472420587276,0.2859527579412724,,,"","",,,,
2020-12-27,2020,0,,WSH,CAR,1351.08920965571,1410.88000686733,0.5074960837342649,0.4925039162657351,,,,,Alex Smith,Teddy Bridgewater,143.29577797854,192.122314964412,43.943703303171205,23.08764148893014,0.519639061447405,0.480360938552595,,,"","",,,,
2020-12-27,2020,0,,HOU,CIN,1453.83891269345,1402.57442345008,0.6613401733314704,0.33865982666852956,,,,,Deshaun Watson,Joe Burrow,230.68351667562197,160.12512317940863,18.924719202372067,18.84810239666246,0.5784330301799013,0.42156696982009867,,,"","",,,,
2020-12-27,2020,0,,KC,ATL,1726.92963718969,1515.6532976733,0.8306687793577248,0.16933122064227524,,,,,Patrick Mahomes,Matt Ryan,289.55222651189274,207.20607098986244,24.580462915522176,9.978639106570858,0.820621206533413,0.17937879346658703,,,"","",,,,
2020-12-27,2020,0,,BAL,NYG,1668.62169876935,1352.48780288035,0.8997078856383912,0.10029211436160879,,,,,Lamar Jackson,Daniel Jones,223.87652652059177,125.98058600744363,-4.200032813189034,-9.918167245438656,0.8670368438833178,0.1329631561166822,,,"","",,,,
2020-12-27,2020,0,,SEA,LAR,1601.25860916653,1566.9167363607,0.6391917395647473,0.3608082604352527,,,,,Russell Wilson,Jared Goff,257.6030372928111,186.2391876163533,27.15235434765976,5.466062359049804,0.6350025662483876,0.3649974337516124,,,"","",,,,
2020-12-27,2020,0,,DAL,PHI,1381.61774918823,1489.58403722819,0.4384798413952702,0.5615201586047298,,,,,Andy Dalton,Carson Wentz,84.45681953924621,128.0651961452051,-108.85341856655211,-16.62130648888015,0.3398805968265641,0.6601194031734359,,,"","",,,,
2020-12-27,2020,0,,GB,TEN,1632.91686400115,1600.25670165657,0.6369561259401351,0.36304387405986493,,,,,Aaron Rodgers,Ryan Tannehill,237.8487344092949,208.67589090951864,25.46115826802525,14.999113784930218,0.620111656718081,0.379888343281919,,,"","",,,,
2020-12-28,2020,0,,NE,BUF,1506.02024608328,1578.66197646369,0.48900443899692847,0.5109955610030715,,,,,Cam Newton,Josh Allen,163.5588211554175,216.4085161027485,5.26081129675925,22.819622763412845,0.40378967520130976,0.5962103247986903,,,"","",,,,
2021-01-03,2020,0,,IND,JAX,1531.2221596294,1316.57471276122,0.8333808548147398,0.16661914518526022,,,,,Philip Rivers,"",165.21055839921996,58.72508834926536,8.178284840721927,-81.94715341849606,0.8916097805801365,0.10839021941986349,,,"","",,,,
2021-01-03,2020,0,,CHI,GB,1509.75665172967,1632.91686400115,0.4170738760259464,0.5829261239740535,,,,,Nick Foles,Aaron Rodgers,142.40273945588723,237.8487344092949,3.4435558003231943,25.46115826802525,0.39008395591783407,0.6099160440821659,,,"","",,,,
2021-01-03,2020,0,,CAR,NO,1410.88000686733,1650.87926788489,0.2674935437607293,0.7325064562392707,,,,,Teddy Bridgewater,Drew Brees,192.122314964412,273.2603616969966,23.08764148893014,18.776763275060002,0.23939518734374607,0.7606048126562539,,,"","",,,,
2021-01-03,2020,0,,HOU,TEN,1453.83891269345,1600.25670165657,0.3849290801838222,0.6150709198161778,,,,,Deshaun Watson,Ryan Tannehill,230.68351667562197,208.67589090951864,18.924719202372067,14.999113784930218,0.36802436756520973,0.6319756324347903,,,"","",,,,
2021-01-03,2020,0,,CIN,BAL,1402.57442345008,1668.62169876935,0.23915438727170568,0.7608456127282943,,,,,Joe Burrow,Lamar Jackson,160.12512317940863,223.87652652059177,18.84810239666246,-4.200032813189034,0.2461383743312078,0.7538616256687922,,,"","",,,,
2021-01-03,2020,0,,KC,LAC,1726.92963718969,1420.12036465032,0.8947594492536224,0.10524055074637761,,,,,Patrick Mahomes,Justin Herbert,289.55222651189274,198.91408337766669,24.580462915522176,28.375283662800364,0.8615802766121579,0.13841972338784214,,,"","",,,,
2021-01-03,2020,0,,CLE,PIT,1471.82555395723,1643.39037637379,0.3512757011361927,0.6487242988638073,,,,,Baker Mayfield,Ben Roethlisberger,133.20531463855076,213.85447803761411,-1.2536965348983848,17.543805961273005,0.3267382455779576,0.6732617544220424,,,"","",,,,
2021-01-03,2020,0,,PHI,WSH,1489.58403722819,1351.08920965571,0.7633998559384837,0.2366001440615163,,,,,Carson Wentz,Alex Smith,128.0651961452051,143.29577797854,-16.62130648888015,43.943703303171205,0.6479299807455874,0.3520700192544126,,,"","",,,,
2021-01-03,2020,0,,NE,NYJ,1506.02024608328,1305.29411746726,0.8219540099336192,0.17804599006638078,,,,,Cam Newton,Sam Darnold,163.5588211554175,89.5531003197864,5.26081129675925,-13.128067915731123,0.8031861573654071,0.1968138426345929,,,"","",,,,
2021-01-03,2020,0,,BUF,MIA,1578.66197646369,1538.2756469782,0.6471768094593886,0.3528231905406114,,,,,Josh Allen,Tua Tagovailoa,216.4085161027485,116.61818054637135,22.819622763412845,-62.27830932353479,0.7156425931468827,0.2843574068531173,,,"","",,,,
2021-01-03,2020,0,,NYG,DAL,1352.48780288035,1381.61774918823,0.5514385259009846,0.44856147409901537,,,,,Daniel Jones,Andy Dalton,125.98058600744363,84.45681953924621,-9.918167245438656,-108.85341856655211,0.6084811043773122,0.3915188956226878,,,"","",,,,
2021-01-03,2020,0,,DET,MIN,1393.80655428201,1531.41038821575,0.3970094923144138,0.6029905076855862,,,,,Matthew Stafford,Kirk Cousins,165.3087928171373,139.72072201286164,-1.3506256591360604,-6.421878745659953,0.4023881609247648,0.5976118390752352,,,"","",,,,
2021-01-03,2020,0,,TB,ATL,1569.93722344324,1515.6532976733,0.6652220622075572,0.3347779377924428,,,,,Tom Brady,Matt Ryan,183.32690950550395,207.20607098986244,10.448842279051124,9.978639106570858,0.6671668296372365,0.3328331703627635,,,"","",,,,
2021-01-03,2020,0,,DEN,OAK,1467.10604989893,1517.93646417088,0.5203803748650548,0.47961962513494516,,,,,Drew Lock,Derek Carr,109.42438334621342,209.80550541455008,3.0034544609648766,12.217471871284031,0.4589046935270217,0.5410953064729783,,,"","",,,,
2021-01-03,2020,0,,SF,SEA,1539.31676960145,1601.25860916653,0.5044009329871786,0.4955990670128214,,,,,"",Russell Wilson,97.15724908447437,257.6030372928111,-29.848085768769504,27.15235434765976,0.41807538442135206,0.5819246155786479,,,"","",,,,
2021-01-03,2020,0,,LAR,ARI,1566.9167363607,1513.64370732358,0.6639248754855218,0.3360751245144782,,,,,Jared Goff,Kyler Murray,186.2391876163533,278.15210786948643,5.466062359049804,54.827035514245836,0.5552259412353441,0.4447740587646559,,,"","",,,,
2021-01-16,2020,0,w,,,,,,,,,,,"","",,,0.0,0.0,,,,,"","",,,,
2021-01-16,2020,0,w,,,,,,,,,,,"","",,,0.0,0.0,,,,,"","",,,,
2021-01-16,2020,0,w,,,,,,,,,,,"","",,,0.0,0.0,,,,,"","",,,,
2021-01-17,2020,0,w,,,,,,,,,,,"","",,,0.0,0.0,,,,,"","",,,,
2021-01-17,2020,0,w,,,,,,,,,,,"","",,,0.0,0.0,,,,,"","",,,,
2021-01-17,2020,0,w,,,,,,,,,,,"","",,,0.0,0.0,,,,,"","",,,,
2021-01-23,2020,0,d,,,,,,,,,,,"","",,,0.0,0.0,,,,,"","",,,,
2021-01-23,2020,0,d,,,,,,,,,,,"","",,,0.0,0.0,,,,,"","",,,,
2021-01-24,2020,0,d,,,,,,,,,,,"","",,,0.0,0.0,,,,,"","",,,,
2021-01-24,2020,0,d,,,,,,,,,,,"","",,,0.0,0.0,,,,,"","",,,,
2021-01-31,2020,0,c,,,,,,,,,,,"","",,,0.0,0.0,,,,,"","",,,,
2021-01-31,2020,0,c,,,,,,,,,,,"","",,,0.0,0.0,,,,,"","",,,,
2021-02-07,2020,1,s,,,,,,,,,,,"","",,,0.0,0.0,,,,,"","",,,,
